client_id	audio_id	audio_file	duration_ms	prompt_id	prompt	transcription	votes	age	gender	accents	variant	language	prompt_upvotes	prompt_reports	is_edited	split	char_per_sec	quality_tags
39ec1810f27b7c550a62d949643848e0	71834	spontaneous-speech-es-71834.mp3	11268	8004	¿Cuál es festividad tu favorita y cómo se celebra?	Mi festividad favorita es eeh ... la navidad se festeja en familia con mucha comida y muchos regalos.	1	thirties		Rioplatense: Argentina, Uruguay, este de Bolivia, Paraguay		Spanish	0	0	0		7.454739084132055	
39ec1810f27b7c550a62d949643848e0	71835	spontaneous-speech-es-71835.mp3	24480	8019	¿Qué mascotas son las preferidas en donde vives?	¿Qué mascotas son las preferidas en donde vives? Eh... La invalido... Em... sí. Los perros... son las mascotas preferidas en donde vivo porque son muy compañeros y... siempre están alegres.	1	thirties		Rioplatense: Argentina, Uruguay, este de Bolivia, Paraguay		Spanish	0	0	1		6.5359477124183005	
9f045a5df5531af85531a3fcefbe80d4	74952	spontaneous-speech-es-74952.mp3	6372	8049	¿Puedes nombrar algunos alimentos nutritivos?	Espinaca, acelga, zanahoria, carnes rojas…	1	thirties	male_masculine	Rioplatense: Argentina, Uruguay, este de Bolivia, Paraguay		Spanish	0	0	0		5.963590709353421	
9f045a5df5531af85531a3fcefbe80d4	74953	spontaneous-speech-es-74953.mp3	4788	8051	¿Cómo aprendiste los idiomas que hablas?	En algún momento entre la primaria y la secundaria.	1	thirties	male_masculine	Rioplatense: Argentina, Uruguay, este de Bolivia, Paraguay		Spanish	0	0	0		8.98078529657477	
9f045a5df5531af85531a3fcefbe80d4	74954	spontaneous-speech-es-74954.mp3	5652	8008	¿Qué juegan los niños usualmente en tu región?	Y por mi región, normalmente, los niños juegan al fútbol.	1	thirties	male_masculine	Rioplatense: Argentina, Uruguay, este de Bolivia, Paraguay		Spanish	0	0	0		8.492569002123142	
9f045a5df5531af85531a3fcefbe80d4	74955	spontaneous-speech-es-74955.mp3	5184	8055	¿Qué tipo de arte te gusta?	Me gusta la pintura, la música, las artes mundiales	1	thirties	male_masculine	Rioplatense: Argentina, Uruguay, este de Bolivia, Paraguay		Spanish	0	0	1		8.294753086419753	
9f045a5df5531af85531a3fcefbe80d4	74956	spontaneous-speech-es-74956.mp3	6408	8002	¿Qué hace normalmente la gente en donde vives los domingos?	Realmente los domingos la gente se junta en familia a comer pasta o asado.	1	thirties	male_masculine	Rioplatense: Argentina, Uruguay, este de Bolivia, Paraguay		Spanish	0	0	0		9.519350811485642	
9f045a5df5531af85531a3fcefbe80d4	74957	spontaneous-speech-es-74957.mp3	10368	8063	¿Hay un baile tradicional donde naciste y cuándo se realiza?	"Y acá, en la zona de Buenos Aires, el baile tradicional es ""tango"" y se baila en distintas competiciones y celebraciones."	1	thirties	male_masculine	Rioplatense: Argentina, Uruguay, este de Bolivia, Paraguay		Spanish	0	0	0		9.741512345679013	
9f045a5df5531af85531a3fcefbe80d4	74958	spontaneous-speech-es-74958.mp3	5760	8042	¿Qué cosas típicamente hace la gente en la mañana?	Tomar mate, leer las noticias, desayunar lo que prefieren desayunar.	1	thirties	male_masculine	Rioplatense: Argentina, Uruguay, este de Bolivia, Paraguay		Spanish	0	0	0		10.243055555555555	
9f045a5df5531af85531a3fcefbe80d4	74959	spontaneous-speech-es-74959.mp3	7848	8043	¿Que ofrece la gente de regalo cuando va de visita a otra casa?	generalmente una botella de vino, una caja de bombones o alguien trae un postre como puede ser un helado	1	thirties	male_masculine	Rioplatense: Argentina, Uruguay, este de Bolivia, Paraguay		Spanish	0	0	0		10.958205912334353	
9f045a5df5531af85531a3fcefbe80d4	74960	spontaneous-speech-es-74960.mp3	20880	8030	¿Por qué te gusta más el frío o el calor?	Yo, por lo menos, prefiero el frío, porque… Cuando hace calor uno no puede seguir sacándose la piel. En cambio, cuando uno tiene frío sí puede seguir poniéndose ropa. Y además, el frío… Estéticamente… La ropa que se usa cuando hace frío es bastante superior a la que se usa cuando hacer calor.	1	thirties	male_masculine	Rioplatense: Argentina, Uruguay, este de Bolivia, Paraguay		Spanish	0	0	0		11.542145593869732	
7ec42970088840880d63247af1eb245b	78185	spontaneous-speech-es-78185.mp3	1980	8064	¿Qué hace usualmente la gente en la noche antes de dormir?	Lavarse los dientes.	1	fourties	male_masculine	España: Norte peninsular (Asturias, Castilla y León, Cantabria, País Vasco, Navarra, Aragón, La Rioja, Guadalajara, Cuenca)		Spanish	0	0	0		9.090909090909092	short-audio
d62f977d44644baa27d98a735d858efd	79577	spontaneous-speech-es-79577.mp3	4716	8034	¿Qué consejo dan usualmente los mayores a los jovenes?	¿Qué consejo dan usualmente los mayores a los jóvenes?	0	twenties	do_not_wish_to_say			Spanish	0	0	1		9.754028837998304	
a2543ada89b4fcbe4cd0509baa43dfab	80760	spontaneous-speech-es-80760.mp3	4212	9429	¿Te gusta tocar (tañer) algún instrumento musical? Comenta cuál o cuáles.		0	fifties		España: Sur peninsular (Andalucia, Extremadura, Murcia)		Spanish	1	0	0			
a2543ada89b4fcbe4cd0509baa43dfab	80761	spontaneous-speech-es-80761.mp3	6228	8026	¿Qué nombres de estrellas o constelaciones conoces?		0	fifties		España: Sur peninsular (Andalucia, Extremadura, Murcia)		Spanish	0	0	0			
a2543ada89b4fcbe4cd0509baa43dfab	80762	spontaneous-speech-es-80762.mp3	9468	8049	¿Puedes nombrar algunos alimentos nutritivos?		0	fifties		España: Sur peninsular (Andalucia, Extremadura, Murcia)		Spanish	0	0	0			
a2543ada89b4fcbe4cd0509baa43dfab	80763	spontaneous-speech-es-80763.mp3	7812	8056	¿Qué juegos de mesa son tus favoritos?		0	fifties		España: Sur peninsular (Andalucia, Extremadura, Murcia)		Spanish	0	0	0			
6108959e4f5a366f4c7881718b29aed0	82589	spontaneous-speech-es-82589.mp3	5760	8042	¿Qué cosas típicamente hace la gente en la mañana?		0	teens				Spanish	0	0	0			
6108959e4f5a366f4c7881718b29aed0	82590	spontaneous-speech-es-82590.mp3	1548	9485	¿Crees que cinco es mucho o poco?		0	teens				Spanish	1	0	0			short-audio
345b0688758566ddb5bd53010d26d971	83306	spontaneous-speech-es-83306.mp3	5436	8044	¿Cuáles son las formas de demostrar respeto en donde vives?		0	fourties	female_feminine			Spanish	0	0	0			
345b0688758566ddb5bd53010d26d971	83308	spontaneous-speech-es-83308.mp3	10368	9243	¿Qué opinas del trabajo remoto?		0	fourties	female_feminine			Spanish	1	0	0			
345b0688758566ddb5bd53010d26d971	83311	spontaneous-speech-es-83311.mp3	2700	9286	¿Tienes un libro favorito?		0	fourties	female_feminine			Spanish	1	0	0			
345b0688758566ddb5bd53010d26d971	83314	spontaneous-speech-es-83314.mp3	5868	9466	¿Generalmente, tienes en cuenta a otras personas cuando decides algo?		0	fourties	female_feminine			Spanish	1	0	0			
345b0688758566ddb5bd53010d26d971	83316	spontaneous-speech-es-83316.mp3	9396	8027	Describe un paseo al mar, al rio o algún lago		0	fourties	female_feminine			Spanish	0	0	0			
345b0688758566ddb5bd53010d26d971	83318	spontaneous-speech-es-83318.mp3	6840	9296	¿Recuerdas los nombres de los siete colores del arcoíris?		0	fourties	female_feminine			Spanish	1	0	0			
345b0688758566ddb5bd53010d26d971	83330	spontaneous-speech-es-83330.mp3	7020	8026	¿Qué nombres de estrellas o constelaciones conoces?		0	fourties	female_feminine			Spanish	0	0	0			
345b0688758566ddb5bd53010d26d971	83336	spontaneous-speech-es-83336.mp3	12276	9284	¿Puedes resumir el último libro que leíste?		0	fourties	female_feminine			Spanish	1	0	0			
345b0688758566ddb5bd53010d26d971	83341	spontaneous-speech-es-83341.mp3	7020	8049	¿Puedes nombrar algunos alimentos nutritivos?		0	fourties	female_feminine			Spanish	0	0	0			
345b0688758566ddb5bd53010d26d971	83342	spontaneous-speech-es-83342.mp3	1476	9462	¿Te fijas en el color de ojos de otras personas?		0	fourties	female_feminine			Spanish	1	0	0			short-audio
345b0688758566ddb5bd53010d26d971	83345	spontaneous-speech-es-83345.mp3	6408	8059	¿Es fácil abrir un negocio donde vives? ¿Qué es lo más difícil?		0	fourties	female_feminine			Spanish	0	0	0			
345b0688758566ddb5bd53010d26d971	83347	spontaneous-speech-es-83347.mp3	4500	8065	¿Qué hacen los estudiantes cuando no hay colegio?		0	fourties	female_feminine			Spanish	0	0	0			
345b0688758566ddb5bd53010d26d971	83350	spontaneous-speech-es-83350.mp3	4608	8009	¿Cuál es tu fruta favorita? ¿puedes describir cómo se ve?		0	fourties	female_feminine			Spanish	0	0	0			
345b0688758566ddb5bd53010d26d971	83351	spontaneous-speech-es-83351.mp3	8316	9478	¿Cómo crees que funciona un pararrayos?		0	fourties	female_feminine			Spanish	1	0	0			
345b0688758566ddb5bd53010d26d971	83354	spontaneous-speech-es-83354.mp3	13176	9288	¿La inteligencia artificial será beneficiosa o dañina para la humanidad?		0	fourties	female_feminine			Spanish	1	0	0			
345b0688758566ddb5bd53010d26d971	83357	spontaneous-speech-es-83357.mp3	8460	9297	¿Por qué estás contribuyendo con tu voz a este programa?		0	fourties	female_feminine			Spanish	1	0	0			
345b0688758566ddb5bd53010d26d971	83360	spontaneous-speech-es-83360.mp3	7020	9472	¿Qué es lo más interesante que has aprendido últimamente?		0	fourties	female_feminine			Spanish	1	0	0			
345b0688758566ddb5bd53010d26d971	83362	spontaneous-speech-es-83362.mp3	3348	8042	¿Qué cosas típicamente hace la gente en la mañana?		0	fourties	female_feminine			Spanish	0	0	0			
345b0688758566ddb5bd53010d26d971	83364	spontaneous-speech-es-83364.mp3	6840	9470	¿Prefieres un producto caro de marca, o una ganga barata?		0	fourties	female_feminine			Spanish	1	0	0			
345b0688758566ddb5bd53010d26d971	83365	spontaneous-speech-es-83365.mp3	4428	8002	¿Qué hace normalmente la gente en donde vives los domingos?		0	fourties	female_feminine			Spanish	0	0	0			
345b0688758566ddb5bd53010d26d971	83368	spontaneous-speech-es-83368.mp3	5256	8003	¿Puedes describir como luce una boda tradicional?		0	fourties	female_feminine			Spanish	0	0	0			
345b0688758566ddb5bd53010d26d971	83371	spontaneous-speech-es-83371.mp3	5256	8045	¿Qué historias del pasado se cuentan en tu familia?		0	fourties	female_feminine			Spanish	0	0	0			
345b0688758566ddb5bd53010d26d971	83373	spontaneous-speech-es-83373.mp3	2520	8019	¿Qué mascotas son las preferidas en donde vives?		0	fourties	female_feminine			Spanish	0	0	0			
345b0688758566ddb5bd53010d26d971	83375	spontaneous-speech-es-83375.mp3	3528	9291	¿Cuánto hace que no llueve sobre tu casa?		0	fourties	female_feminine			Spanish	1	0	0			
345b0688758566ddb5bd53010d26d971	83376	spontaneous-speech-es-83376.mp3	3708	9481	¿Te gustaría tener un robot mayordomo?		0	fourties	female_feminine			Spanish	1	0	0			
345b0688758566ddb5bd53010d26d971	83379	spontaneous-speech-es-83379.mp3	1728	8032	¿Qué haces cuando no hay electricidad donde vives?		0	fourties	female_feminine			Spanish	0	0	0			short-audio
345b0688758566ddb5bd53010d26d971	83381	spontaneous-speech-es-83381.mp3	5688	9475	Si te sientes aburrido, ¿qué haces?		0	fourties	female_feminine			Spanish	1	0	0			
345b0688758566ddb5bd53010d26d971	83386	spontaneous-speech-es-83386.mp3	2376	8005	¿Cómo se prepara tu comunidad para navidad?		0	fourties	female_feminine			Spanish	0	0	0			
345b0688758566ddb5bd53010d26d971	83388	spontaneous-speech-es-83388.mp3	2268	8041	¿Qué fue algo que aprendiste de tus abuelos?		0	fourties	female_feminine			Spanish	0	0	0			
345b0688758566ddb5bd53010d26d971	83391	spontaneous-speech-es-83391.mp3	7776	8016	¿Qué valores importantes se enseñan a los niños en tu comunidad?		0	fourties	female_feminine			Spanish	0	0	0			
345b0688758566ddb5bd53010d26d971	83393	spontaneous-speech-es-83393.mp3	3276	9242	¿Qué tipo de vehículo te gusta conducir?		0	fourties	female_feminine			Spanish	1	0	0			
345b0688758566ddb5bd53010d26d971	83396	spontaneous-speech-es-83396.mp3	3168	8031	¿Cuál es el sitio más bello por donde vives y por qué?		0	fourties	female_feminine			Spanish	0	0	0			
345b0688758566ddb5bd53010d26d971	83398	spontaneous-speech-es-83398.mp3	2736	8037	¿Qué haces cuando tienes visita en casa?		0	fourties	female_feminine			Spanish	0	0	0			
345b0688758566ddb5bd53010d26d971	83399	spontaneous-speech-es-83399.mp3	2268	9486	¿Has visto El Señor de los Anillos? ¿Por qué?		0	fourties	female_feminine			Spanish	1	0	0			
345b0688758566ddb5bd53010d26d971	83405	spontaneous-speech-es-83405.mp3	2088	9482	Si quisieras hacer feliz a alguien, ¿qué le dirías?		0	fourties	female_feminine			Spanish	1	0	0			
345b0688758566ddb5bd53010d26d971	83409	spontaneous-speech-es-83409.mp3	5148	8035	¿Qué consejo le darías a una amistad cuando está asustada?		0	fourties	female_feminine			Spanish	0	0	0			
345b0688758566ddb5bd53010d26d971	83414	spontaneous-speech-es-83414.mp3	6660	8038	¿Cuál es la época favorita del año y por qué?		0	fourties	female_feminine			Spanish	0	0	0			
345b0688758566ddb5bd53010d26d971	83418	spontaneous-speech-es-83418.mp3	5508	8054	¿Te gusta nadar? ¿por qué?	Me gusta nadar porque si me relaja y porque me gusta.	0	fourties	female_feminine			Spanish	0	0	0		7.806826434277415	
345b0688758566ddb5bd53010d26d971	83421	spontaneous-speech-es-83421.mp3	2628	9289	¿Quién ganaría la pelea: un pastor alemán o seis gatos?		0	fourties	female_feminine			Spanish	1	0	0			
345b0688758566ddb5bd53010d26d971	83424	spontaneous-speech-es-83424.mp3	1800	9280	¿Tienes un animal de compañía?		0	fourties	female_feminine			Spanish	1	0	0			short-audio
345b0688758566ddb5bd53010d26d971	83427	spontaneous-speech-es-83427.mp3	2160	8021	¿Cuál es tu entretenimiento favorito?		0	fourties	female_feminine			Spanish	0	0	0			
345b0688758566ddb5bd53010d26d971	83432	spontaneous-speech-es-83432.mp3	2736	8033	¿Qué hace un buen vecino en tu comunidad?		0	fourties	female_feminine			Spanish	0	0	0			
345b0688758566ddb5bd53010d26d971	83434	spontaneous-speech-es-83434.mp3	2808	9282	¿Prefieres la música clásica o la moderna?		0	fourties	female_feminine			Spanish	1	0	0			
345b0688758566ddb5bd53010d26d971	83436	spontaneous-speech-es-83436.mp3	2448	8011	¿Cuáles son los deportes más populares en donde vives?		0	fourties	female_feminine			Spanish	0	0	0			
345b0688758566ddb5bd53010d26d971	83438	spontaneous-speech-es-83438.mp3	3636	8006	¿Cuál es el trabajo más usual que hacen en donde vives?		0	fourties	female_feminine			Spanish	0	0	0			
345b0688758566ddb5bd53010d26d971	83442	spontaneous-speech-es-83442.mp3	2376	8012	¿Cuáles son los meses lluviosos en donde naciste?		0	fourties	female_feminine			Spanish	0	0	0			
08acebce1c3d2aa688e6930607cdb2cd	83610	spontaneous-speech-es-83610.mp3	3996	8010	¿Cuál es la región en tu país en la que es más difícil entender como hablan?		0	teens		Andino-Pacífico: Colombia, Perú, Ecuador, oeste de Bolivia y Venezuela andina		Spanish	0	0	0			
08acebce1c3d2aa688e6930607cdb2cd	83614	spontaneous-speech-es-83614.mp3	17748	8003	¿Puedes describir como luce una boda tradicional?		0	teens		Andino-Pacífico: Colombia, Perú, Ecuador, oeste de Bolivia y Venezuela andina		Spanish	0	0	0			
08acebce1c3d2aa688e6930607cdb2cd	83616	spontaneous-speech-es-83616.mp3	2376	8011	¿Cuáles son los deportes más populares en donde vives?		0	teens		Andino-Pacífico: Colombia, Perú, Ecuador, oeste de Bolivia y Venezuela andina		Spanish	0	0	0			
08acebce1c3d2aa688e6930607cdb2cd	83621	spontaneous-speech-es-83621.mp3	15660	8044	¿Cuáles son las formas de demostrar respeto en donde vives?		0	teens		Andino-Pacífico: Colombia, Perú, Ecuador, oeste de Bolivia y Venezuela andina		Spanish	0	0	0			
08acebce1c3d2aa688e6930607cdb2cd	83627	spontaneous-speech-es-83627.mp3	2556	8019	¿Qué mascotas son las preferidas en donde vives?		0	teens		Andino-Pacífico: Colombia, Perú, Ecuador, oeste de Bolivia y Venezuela andina		Spanish	0	0	0			
08acebce1c3d2aa688e6930607cdb2cd	83631	spontaneous-speech-es-83631.mp3	15516	9478	¿Cómo crees que funciona un pararrayos?		0	teens		Andino-Pacífico: Colombia, Perú, Ecuador, oeste de Bolivia y Venezuela andina		Spanish	1	0	0			
08acebce1c3d2aa688e6930607cdb2cd	83636	spontaneous-speech-es-83636.mp3	4140	9477	Si has visitado un museo, ¿qué llamó más tu atención?		0	teens		Andino-Pacífico: Colombia, Perú, Ecuador, oeste de Bolivia y Venezuela andina		Spanish	1	0	0			
08acebce1c3d2aa688e6930607cdb2cd	83640	spontaneous-speech-es-83640.mp3	8316	8049	¿Puedes nombrar algunos alimentos nutritivos?		0	teens		Andino-Pacífico: Colombia, Perú, Ecuador, oeste de Bolivia y Venezuela andina		Spanish	0	0	0			
08acebce1c3d2aa688e6930607cdb2cd	83641	spontaneous-speech-es-83641.mp3	4788	9428	¿Por cuál lado de la calzada se conduce en tu territorio?		0	teens		Andino-Pacífico: Colombia, Perú, Ecuador, oeste de Bolivia y Venezuela andina		Spanish	1	0	0			
08acebce1c3d2aa688e6930607cdb2cd	83643	spontaneous-speech-es-83643.mp3	12168	8007	¿Qué comida tradicional hay en tu región? ¿Puedes describirla?		0	teens		Andino-Pacífico: Colombia, Perú, Ecuador, oeste de Bolivia y Venezuela andina		Spanish	0	0	0			
08acebce1c3d2aa688e6930607cdb2cd	83646	spontaneous-speech-es-83646.mp3	1908	9465	¿Bebes mucho café?		0	teens		Andino-Pacífico: Colombia, Perú, Ecuador, oeste de Bolivia y Venezuela andina		Spanish	1	0	0			short-audio
08acebce1c3d2aa688e6930607cdb2cd	83647	spontaneous-speech-es-83647.mp3	5256	9282	¿Prefieres la música clásica o la moderna?	Me gusta la moderna, clasica.	0	teens		Andino-Pacífico: Colombia, Perú, Ecuador, oeste de Bolivia y Venezuela andina		Spanish	1	0	0		4.756468797564688	
08acebce1c3d2aa688e6930607cdb2cd	83650	spontaneous-speech-es-83650.mp3	1728	8041	¿Qué fue algo que aprendiste de tus abuelos?		0	teens		Andino-Pacífico: Colombia, Perú, Ecuador, oeste de Bolivia y Venezuela andina		Spanish	0	0	0			short-audio
08acebce1c3d2aa688e6930607cdb2cd	83651	spontaneous-speech-es-83651.mp3	2196	8006	¿Cuál es el trabajo más usual que hacen en donde vives?		0	teens		Andino-Pacífico: Colombia, Perú, Ecuador, oeste de Bolivia y Venezuela andina		Spanish	0	0	0			
08acebce1c3d2aa688e6930607cdb2cd	83655	spontaneous-speech-es-83655.mp3	4320	8033	¿Qué hace un buen vecino en tu comunidad?		0	teens		Andino-Pacífico: Colombia, Perú, Ecuador, oeste de Bolivia y Venezuela andina		Spanish	0	0	0			
08acebce1c3d2aa688e6930607cdb2cd	83656	spontaneous-speech-es-83656.mp3	2556	8055	¿Qué tipo de arte te gusta?		0	teens		Andino-Pacífico: Colombia, Perú, Ecuador, oeste de Bolivia y Venezuela andina		Spanish	0	0	0			
08acebce1c3d2aa688e6930607cdb2cd	83659	spontaneous-speech-es-83659.mp3	2520	8020	¿Qué tipo de flores o plantas hay donde vives?		0	teens		Andino-Pacífico: Colombia, Perú, Ecuador, oeste de Bolivia y Venezuela andina		Spanish	0	0	0			
08acebce1c3d2aa688e6930607cdb2cd	83664	spontaneous-speech-es-83664.mp3	4860	8046	Describe un momento de alegría para tí. ¿Por qué fue especial?		0	teens		Andino-Pacífico: Colombia, Perú, Ecuador, oeste de Bolivia y Venezuela andina		Spanish	0	0	0			
08acebce1c3d2aa688e6930607cdb2cd	83666	spontaneous-speech-es-83666.mp3	3168	8045	¿Qué historias del pasado se cuentan en tu familia?		0	teens		Andino-Pacífico: Colombia, Perú, Ecuador, oeste de Bolivia y Venezuela andina		Spanish	0	0	0			
08acebce1c3d2aa688e6930607cdb2cd	83668	spontaneous-speech-es-83668.mp3	2556	9482	Si quisieras hacer feliz a alguien, ¿qué le dirías?		0	teens		Andino-Pacífico: Colombia, Perú, Ecuador, oeste de Bolivia y Venezuela andina		Spanish	1	0	0			
08acebce1c3d2aa688e6930607cdb2cd	83670	spontaneous-speech-es-83670.mp3	2628	9466	¿Generalmente, tienes en cuenta a otras personas cuando decides algo?		0	teens		Andino-Pacífico: Colombia, Perú, Ecuador, oeste de Bolivia y Venezuela andina		Spanish	1	0	0			
08acebce1c3d2aa688e6930607cdb2cd	83672	spontaneous-speech-es-83672.mp3	2160	9289	¿Quién ganaría la pelea: un pastor alemán o seis gatos?		0	teens		Andino-Pacífico: Colombia, Perú, Ecuador, oeste de Bolivia y Venezuela andina		Spanish	1	0	0			
08acebce1c3d2aa688e6930607cdb2cd	83673	spontaneous-speech-es-83673.mp3	4860	8053	¿Qué momento histórico recuerdas?		0	teens		Andino-Pacífico: Colombia, Perú, Ecuador, oeste de Bolivia y Venezuela andina		Spanish	0	0	0			
08acebce1c3d2aa688e6930607cdb2cd	83675	spontaneous-speech-es-83675.mp3	4428	8021	¿Cuál es tu entretenimiento favorito?		0	teens		Andino-Pacífico: Colombia, Perú, Ecuador, oeste de Bolivia y Venezuela andina		Spanish	0	0	0			
08acebce1c3d2aa688e6930607cdb2cd	83678	spontaneous-speech-es-83678.mp3	1908	9294	¿Conoces el nombre de algún pájaro?		0	teens		Andino-Pacífico: Colombia, Perú, Ecuador, oeste de Bolivia y Venezuela andina		Spanish	1	0	0			short-audio
08acebce1c3d2aa688e6930607cdb2cd	83679	spontaneous-speech-es-83679.mp3	4680	9286	¿Tienes un libro favorito?		0	teens		Andino-Pacífico: Colombia, Perú, Ecuador, oeste de Bolivia y Venezuela andina		Spanish	1	0	0			
08acebce1c3d2aa688e6930607cdb2cd	83681	spontaneous-speech-es-83681.mp3	2736	9470	¿Prefieres un producto caro de marca, o una ganga barata?		0	teens		Andino-Pacífico: Colombia, Perú, Ecuador, oeste de Bolivia y Venezuela andina		Spanish	1	0	0			
08acebce1c3d2aa688e6930607cdb2cd	83682	spontaneous-speech-es-83682.mp3	2196	8022	¿Qué canción popular hay que todos conozcan donde vives?		0	teens		Andino-Pacífico: Colombia, Perú, Ecuador, oeste de Bolivia y Venezuela andina		Spanish	0	0	0			
08acebce1c3d2aa688e6930607cdb2cd	83685	spontaneous-speech-es-83685.mp3	8208	9297	¿Por qué estás contribuyendo con tu voz a este programa?		0	teens		Andino-Pacífico: Colombia, Perú, Ecuador, oeste de Bolivia y Venezuela andina		Spanish	1	0	0			
08acebce1c3d2aa688e6930607cdb2cd	83686	spontaneous-speech-es-83686.mp3	6660	9243	¿Qué opinas del trabajo remoto?		0	teens		Andino-Pacífico: Colombia, Perú, Ecuador, oeste de Bolivia y Venezuela andina		Spanish	1	0	0			
08acebce1c3d2aa688e6930607cdb2cd	83688	spontaneous-speech-es-83688.mp3	1476	9283	¿Crees que hay vida inteligente en otros planetas?		0	teens		Andino-Pacífico: Colombia, Perú, Ecuador, oeste de Bolivia y Venezuela andina		Spanish	1	0	0			short-audio
08acebce1c3d2aa688e6930607cdb2cd	83689	spontaneous-speech-es-83689.mp3	2448	8039	¿De qué sientes orgullo?		0	teens		Andino-Pacífico: Colombia, Perú, Ecuador, oeste de Bolivia y Venezuela andina		Spanish	0	0	0			
08acebce1c3d2aa688e6930607cdb2cd	83691	spontaneous-speech-es-83691.mp3	3420	8037	¿Qué haces cuando tienes visita en casa?		0	teens		Andino-Pacífico: Colombia, Perú, Ecuador, oeste de Bolivia y Venezuela andina		Spanish	0	0	0			
08acebce1c3d2aa688e6930607cdb2cd	83693	spontaneous-speech-es-83693.mp3	2376	8024	¿Cuál es el insecto más grande que has visto?		0	teens		Andino-Pacífico: Colombia, Perú, Ecuador, oeste de Bolivia y Venezuela andina		Spanish	0	0	0			
08acebce1c3d2aa688e6930607cdb2cd	83695	spontaneous-speech-es-83695.mp3	2268	8004	¿Cuál es festividad tu favorita y cómo se celebra?		0	teens		Andino-Pacífico: Colombia, Perú, Ecuador, oeste de Bolivia y Venezuela andina		Spanish	0	0	0			
08acebce1c3d2aa688e6930607cdb2cd	83699	spontaneous-speech-es-83699.mp3	1440	9293	¿Te gustaría ver alguna vez una aurora boreal?		0	teens		Andino-Pacífico: Colombia, Perú, Ecuador, oeste de Bolivia y Venezuela andina		Spanish	1	0	0			short-audio
08acebce1c3d2aa688e6930607cdb2cd	83700	spontaneous-speech-es-83700.mp3	2808	8035	¿Qué consejo le darías a una amistad cuando está asustada?		0	teens		Andino-Pacífico: Colombia, Perú, Ecuador, oeste de Bolivia y Venezuela andina		Spanish	0	0	0			
08acebce1c3d2aa688e6930607cdb2cd	83704	spontaneous-speech-es-83704.mp3	3528	8012	¿Cuáles son los meses lluviosos en donde naciste?		0	teens		Andino-Pacífico: Colombia, Perú, Ecuador, oeste de Bolivia y Venezuela andina		Spanish	0	0	0			
08acebce1c3d2aa688e6930607cdb2cd	83705	spontaneous-speech-es-83705.mp3	2556	9464	¿Qué es lo más interesante que has hecho con la Inteligencia Artificial?		0	teens		Andino-Pacífico: Colombia, Perú, Ecuador, oeste de Bolivia y Venezuela andina		Spanish	1	0	0			
08acebce1c3d2aa688e6930607cdb2cd	83706	spontaneous-speech-es-83706.mp3	2340	8057	¿Cuál es el elemento tecnológico que más usas?		0	teens		Andino-Pacífico: Colombia, Perú, Ecuador, oeste de Bolivia y Venezuela andina		Spanish	0	0	0			
08acebce1c3d2aa688e6930607cdb2cd	83707	spontaneous-speech-es-83707.mp3	1620	9287	¿Por qué crees que el cielo es azul?		0	teens		Andino-Pacífico: Colombia, Perú, Ecuador, oeste de Bolivia y Venezuela andina		Spanish	1	0	0			short-audio
08acebce1c3d2aa688e6930607cdb2cd	83708	spontaneous-speech-es-83708.mp3	1980	9242	¿Qué tipo de vehículo te gusta conducir?		0	teens		Andino-Pacífico: Colombia, Perú, Ecuador, oeste de Bolivia y Venezuela andina		Spanish	1	0	0			short-audio
08acebce1c3d2aa688e6930607cdb2cd	83710	spontaneous-speech-es-83710.mp3	6768	8066	¿Cómo consideras que debería ayudar el gobierno?		0	teens		Andino-Pacífico: Colombia, Perú, Ecuador, oeste de Bolivia y Venezuela andina		Spanish	0	0	0			
08acebce1c3d2aa688e6930607cdb2cd	83712	spontaneous-speech-es-83712.mp3	1620	9461	¿Cuál es el sitio más lejano al que has viajado?		0	teens		Andino-Pacífico: Colombia, Perú, Ecuador, oeste de Bolivia y Venezuela andina		Spanish	1	0	0			short-audio
08acebce1c3d2aa688e6930607cdb2cd	83714	spontaneous-speech-es-83714.mp3	1440	9481	¿Te gustaría tener un robot mayordomo?		0	teens		Andino-Pacífico: Colombia, Perú, Ecuador, oeste de Bolivia y Venezuela andina		Spanish	1	0	0			short-audio
08acebce1c3d2aa688e6930607cdb2cd	83715	spontaneous-speech-es-83715.mp3	4716	8038	¿Cuál es la época favorita del año y por qué?		0	teens		Andino-Pacífico: Colombia, Perú, Ecuador, oeste de Bolivia y Venezuela andina		Spanish	0	0	0			
08acebce1c3d2aa688e6930607cdb2cd	83716	spontaneous-speech-es-83716.mp3	1440	8028	¿Cómo son las nubes donde vives?		0	teens		Andino-Pacífico: Colombia, Perú, Ecuador, oeste de Bolivia y Venezuela andina		Spanish	0	0	0			short-audio
08acebce1c3d2aa688e6930607cdb2cd	83717	spontaneous-speech-es-83717.mp3	1836	8040	¿Cómo sería tu celebración ideal?		0	teens		Andino-Pacífico: Colombia, Perú, Ecuador, oeste de Bolivia y Venezuela andina		Spanish	0	0	0			short-audio
08acebce1c3d2aa688e6930607cdb2cd	83719	spontaneous-speech-es-83719.mp3	6948	8016	¿Qué valores importantes se enseñan a los niños en tu comunidad?		0	teens		Andino-Pacífico: Colombia, Perú, Ecuador, oeste de Bolivia y Venezuela andina		Spanish	0	0	0			
08acebce1c3d2aa688e6930607cdb2cd	83721	spontaneous-speech-es-83721.mp3	4068	8031	¿Cuál es el sitio más bello por donde vives y por qué?		0	teens		Andino-Pacífico: Colombia, Perú, Ecuador, oeste de Bolivia y Venezuela andina		Spanish	0	0	0			
08acebce1c3d2aa688e6930607cdb2cd	83724	spontaneous-speech-es-83724.mp3	3456	9475	Si te sientes aburrido, ¿qué haces?		0	teens		Andino-Pacífico: Colombia, Perú, Ecuador, oeste de Bolivia y Venezuela andina		Spanish	1	0	0			
08acebce1c3d2aa688e6930607cdb2cd	83726	spontaneous-speech-es-83726.mp3	2988	8032	¿Qué haces cuando no hay electricidad donde vives?		0	teens		Andino-Pacífico: Colombia, Perú, Ecuador, oeste de Bolivia y Venezuela andina		Spanish	0	0	0			
08acebce1c3d2aa688e6930607cdb2cd	83729	spontaneous-speech-es-83729.mp3	7236	8017	¿Cómo se celebra el nacimiento de un niño?		0	teens		Andino-Pacífico: Colombia, Perú, Ecuador, oeste de Bolivia y Venezuela andina		Spanish	0	0	0			
08acebce1c3d2aa688e6930607cdb2cd	83734	spontaneous-speech-es-83734.mp3	7956	8058	¿Qué personaje de la historia admiras y por qué?		0	teens		Andino-Pacífico: Colombia, Perú, Ecuador, oeste de Bolivia y Venezuela andina		Spanish	0	0	0			
08acebce1c3d2aa688e6930607cdb2cd	83738	spontaneous-speech-es-83738.mp3	9828	8063	¿Hay un baile tradicional donde naciste y cuándo se realiza?		0	teens		Andino-Pacífico: Colombia, Perú, Ecuador, oeste de Bolivia y Venezuela andina		Spanish	0	0	0			
08acebce1c3d2aa688e6930607cdb2cd	83739	spontaneous-speech-es-83739.mp3	2988	9292	¿Consideras que el cero es un número?		0	teens		Andino-Pacífico: Colombia, Perú, Ecuador, oeste de Bolivia y Venezuela andina		Spanish	1	0	0			
08acebce1c3d2aa688e6930607cdb2cd	83742	spontaneous-speech-es-83742.mp3	7380	9476	Si tienes que sumar mentalmente 53 y 39, ¿cómo haces esa suma?		0	teens		Andino-Pacífico: Colombia, Perú, Ecuador, oeste de Bolivia y Venezuela andina		Spanish	1	0	0			
08acebce1c3d2aa688e6930607cdb2cd	83747	spontaneous-speech-es-83747.mp3	3528	9280	¿Tienes un animal de compañía?		0	teens		Andino-Pacífico: Colombia, Perú, Ecuador, oeste de Bolivia y Venezuela andina		Spanish	1	0	0			
08acebce1c3d2aa688e6930607cdb2cd	83749	spontaneous-speech-es-83749.mp3	5256	9486	¿Has visto El Señor de los Anillos? ¿Por qué?		0	teens		Andino-Pacífico: Colombia, Perú, Ecuador, oeste de Bolivia y Venezuela andina		Spanish	1	0	0			
08acebce1c3d2aa688e6930607cdb2cd	83752	spontaneous-speech-es-83752.mp3	3636	9483	Si quisieras alegrar a un desconocido, ¿qué harías?		0	teens		Andino-Pacífico: Colombia, Perú, Ecuador, oeste de Bolivia y Venezuela andina		Spanish	1	0	0			
08acebce1c3d2aa688e6930607cdb2cd	83759	spontaneous-speech-es-83759.mp3	14400	9296	¿Recuerdas los nombres de los siete colores del arcoíris?		0	teens		Andino-Pacífico: Colombia, Perú, Ecuador, oeste de Bolivia y Venezuela andina		Spanish	1	0	0			
08acebce1c3d2aa688e6930607cdb2cd	83760	spontaneous-speech-es-83760.mp3	13536	8025	¿Qué hace la gente joven para divertirse en tu comunidad?		0	teens		Andino-Pacífico: Colombia, Perú, Ecuador, oeste de Bolivia y Venezuela andina		Spanish	0	0	0			
08acebce1c3d2aa688e6930607cdb2cd	83764	spontaneous-speech-es-83764.mp3	3096	8026	¿Qué nombres de estrellas o constelaciones conoces?		0	teens		Andino-Pacífico: Colombia, Perú, Ecuador, oeste de Bolivia y Venezuela andina		Spanish	0	0	0			
08acebce1c3d2aa688e6930607cdb2cd	83766	spontaneous-speech-es-83766.mp3	2808	9471	¿Sabes el nombre de algún ave?		0	teens		Andino-Pacífico: Colombia, Perú, Ecuador, oeste de Bolivia y Venezuela andina		Spanish	1	0	0			
08acebce1c3d2aa688e6930607cdb2cd	83768	spontaneous-speech-es-83768.mp3	5328	8048	¿Cuáles serían tus vacaciones ideales?		0	teens		Andino-Pacífico: Colombia, Perú, Ecuador, oeste de Bolivia y Venezuela andina		Spanish	0	0	0			
08acebce1c3d2aa688e6930607cdb2cd	83769	spontaneous-speech-es-83769.mp3	4608	9472	¿Qué es lo más interesante que has aprendido últimamente?		0	teens		Andino-Pacífico: Colombia, Perú, Ecuador, oeste de Bolivia y Venezuela andina		Spanish	1	0	0			
08acebce1c3d2aa688e6930607cdb2cd	83774	spontaneous-speech-es-83774.mp3	4320	8018	¿Cuál es tu historia favorita o leyenda que recuerdas de la niñez?		0	teens		Andino-Pacífico: Colombia, Perú, Ecuador, oeste de Bolivia y Venezuela andina		Spanish	0	0	0			
08acebce1c3d2aa688e6930607cdb2cd	83775	spontaneous-speech-es-83775.mp3	3096	8064	¿Qué hace usualmente la gente en la noche antes de dormir?		0	teens		Andino-Pacífico: Colombia, Perú, Ecuador, oeste de Bolivia y Venezuela andina		Spanish	0	0	0			
08acebce1c3d2aa688e6930607cdb2cd	83777	spontaneous-speech-es-83777.mp3	2808	9469	¿Qué canción te ha hecho emocionarte más?		0	teens		Andino-Pacífico: Colombia, Perú, Ecuador, oeste de Bolivia y Venezuela andina		Spanish	1	0	0			
08acebce1c3d2aa688e6930607cdb2cd	83778	spontaneous-speech-es-83778.mp3	5076	8002	¿Qué hace normalmente la gente en donde vives los domingos?		0	teens		Andino-Pacífico: Colombia, Perú, Ecuador, oeste de Bolivia y Venezuela andina		Spanish	0	0	0			
08acebce1c3d2aa688e6930607cdb2cd	83780	spontaneous-speech-es-83780.mp3	5868	8009	¿Cuál es tu fruta favorita? ¿puedes describir cómo se ve?		0	teens		Andino-Pacífico: Colombia, Perú, Ecuador, oeste de Bolivia y Venezuela andina		Spanish	0	0	0			
08acebce1c3d2aa688e6930607cdb2cd	83782	spontaneous-speech-es-83782.mp3	2268	9485	¿Crees que cinco es mucho o poco?		0	teens		Andino-Pacífico: Colombia, Perú, Ecuador, oeste de Bolivia y Venezuela andina		Spanish	1	0	0			
08acebce1c3d2aa688e6930607cdb2cd	83783	spontaneous-speech-es-83783.mp3	3708	8056	¿Qué juegos de mesa son tus favoritos?		0	teens		Andino-Pacífico: Colombia, Perú, Ecuador, oeste de Bolivia y Venezuela andina		Spanish	0	0	0			
08acebce1c3d2aa688e6930607cdb2cd	83785	spontaneous-speech-es-83785.mp3	1836	9459	¿Has visto algún planeta con prismáticos?		0	teens		Andino-Pacífico: Colombia, Perú, Ecuador, oeste de Bolivia y Venezuela andina		Spanish	1	0	0			short-audio
08acebce1c3d2aa688e6930607cdb2cd	83789	spontaneous-speech-es-83789.mp3	6336	9429	¿Te gusta tocar (tañer) algún instrumento musical? Comenta cuál o cuáles.		0	teens		Andino-Pacífico: Colombia, Perú, Ecuador, oeste de Bolivia y Venezuela andina		Spanish	1	0	0			
08acebce1c3d2aa688e6930607cdb2cd	83791	spontaneous-speech-es-83791.mp3	2196	9241	¿Cómo se llama la capital de tu país?		0	teens		Andino-Pacífico: Colombia, Perú, Ecuador, oeste de Bolivia y Venezuela andina		Spanish	1	0	0			
08acebce1c3d2aa688e6930607cdb2cd	83795	spontaneous-speech-es-83795.mp3	2916	9299	¿Cuándo empezaste a beber café?		0	teens		Andino-Pacífico: Colombia, Perú, Ecuador, oeste de Bolivia y Venezuela andina		Spanish	1	0	0			
08acebce1c3d2aa688e6930607cdb2cd	83798	spontaneous-speech-es-83798.mp3	3996	9291	¿Cuánto hace que no llueve sobre tu casa?		0	teens		Andino-Pacífico: Colombia, Perú, Ecuador, oeste de Bolivia y Venezuela andina		Spanish	1	0	0			
08acebce1c3d2aa688e6930607cdb2cd	83800	spontaneous-speech-es-83800.mp3	6768	9467	¿Cuál es el sitio más bonito en el que te gustaría estar o has estado?		0	teens		Andino-Pacífico: Colombia, Perú, Ecuador, oeste de Bolivia y Venezuela andina		Spanish	1	0	0			
08acebce1c3d2aa688e6930607cdb2cd	83801	spontaneous-speech-es-83801.mp3	6300	9462	¿Te fijas en el color de ojos de otras personas?		0	teens		Andino-Pacífico: Colombia, Perú, Ecuador, oeste de Bolivia y Venezuela andina		Spanish	1	0	0			
08acebce1c3d2aa688e6930607cdb2cd	83803	spontaneous-speech-es-83803.mp3	3456	8036	¿Cómo son las casas típicas en donde vives?		0	teens		Andino-Pacífico: Colombia, Perú, Ecuador, oeste de Bolivia y Venezuela andina		Spanish	0	0	0			
08acebce1c3d2aa688e6930607cdb2cd	83805	spontaneous-speech-es-83805.mp3	6876	8034	¿Qué consejo dan usualmente los mayores a los jovenes?		0	teens		Andino-Pacífico: Colombia, Perú, Ecuador, oeste de Bolivia y Venezuela andina		Spanish	0	0	0			
08acebce1c3d2aa688e6930607cdb2cd	83806	spontaneous-speech-es-83806.mp3	5328	8042	¿Qué cosas típicamente hace la gente en la mañana?		0	teens		Andino-Pacífico: Colombia, Perú, Ecuador, oeste de Bolivia y Venezuela andina		Spanish	0	0	0			
08acebce1c3d2aa688e6930607cdb2cd	83809	spontaneous-speech-es-83809.mp3	8748	8030	¿Por qué te gusta más el frío o el calor?		0	teens		Andino-Pacífico: Colombia, Perú, Ecuador, oeste de Bolivia y Venezuela andina		Spanish	0	0	0			
08acebce1c3d2aa688e6930607cdb2cd	83811	spontaneous-speech-es-83811.mp3	5868	8059	¿Es fácil abrir un negocio donde vives? ¿Qué es lo más difícil?		0	teens		Andino-Pacífico: Colombia, Perú, Ecuador, oeste de Bolivia y Venezuela andina		Spanish	0	0	0			
08acebce1c3d2aa688e6930607cdb2cd	83812	spontaneous-speech-es-83812.mp3	7308	8065	¿Qué hacen los estudiantes cuando no hay colegio?		0	teens		Andino-Pacífico: Colombia, Perú, Ecuador, oeste de Bolivia y Venezuela andina		Spanish	0	0	0			
08acebce1c3d2aa688e6930607cdb2cd	83814	spontaneous-speech-es-83814.mp3	5688	9463	¿Prefieres tener muchos amigos malos, o pocos amigos buenos?	Prefiere tener poco, que sean buenos	1	teens		Andino-Pacífico: Colombia, Perú, Ecuador, oeste de Bolivia y Venezuela andina		Spanish	1	0	1		5.450070323488045	
08acebce1c3d2aa688e6930607cdb2cd	83815	spontaneous-speech-es-83815.mp3	2700	8014	¿Qué hacen los niños usualmente después del colegio?		0	teens		Andino-Pacífico: Colombia, Perú, Ecuador, oeste de Bolivia y Venezuela andina		Spanish	0	0	0			
08acebce1c3d2aa688e6930607cdb2cd	83819	spontaneous-speech-es-83819.mp3	30456	9285	¿Puedes resumir la última película que viste?		0	teens		Andino-Pacífico: Colombia, Perú, Ecuador, oeste de Bolivia y Venezuela andina		Spanish	1	0	0			
08acebce1c3d2aa688e6930607cdb2cd	83824	spontaneous-speech-es-83824.mp3	2016	9460	¿Has podido ver las estrellas en una noche muy oscura?		0	teens		Andino-Pacífico: Colombia, Perú, Ecuador, oeste de Bolivia y Venezuela andina		Spanish	1	0	0			
08acebce1c3d2aa688e6930607cdb2cd	83825	spontaneous-speech-es-83825.mp3	2700	9457	¿Qué es lo más fácil que sabes cocinar?		0	teens		Andino-Pacífico: Colombia, Perú, Ecuador, oeste de Bolivia y Venezuela andina		Spanish	1	0	0			
08acebce1c3d2aa688e6930607cdb2cd	83826	spontaneous-speech-es-83826.mp3	1980	9474	¿Conoces a alguien que sea muy bueno en algo?		0	teens		Andino-Pacífico: Colombia, Perú, Ecuador, oeste de Bolivia y Venezuela andina		Spanish	1	0	0			short-audio
08acebce1c3d2aa688e6930607cdb2cd	83828	spontaneous-speech-es-83828.mp3	4500	8023	Describe un animal que hayas visto hace poco		0	teens		Andino-Pacífico: Colombia, Perú, Ecuador, oeste de Bolivia y Venezuela andina		Spanish	0	0	0			
08acebce1c3d2aa688e6930607cdb2cd	83829	spontaneous-speech-es-83829.mp3	3168	8029	¿Cómo celebras el año nuevo?		0	teens		Andino-Pacífico: Colombia, Perú, Ecuador, oeste de Bolivia y Venezuela andina		Spanish	0	0	0			
08acebce1c3d2aa688e6930607cdb2cd	83830	spontaneous-speech-es-83830.mp3	5040	8052	¿Cuál era tu materia favorita cuando estudiaste?		0	teens		Andino-Pacífico: Colombia, Perú, Ecuador, oeste de Bolivia y Venezuela andina		Spanish	0	0	0			
08acebce1c3d2aa688e6930607cdb2cd	83831	spontaneous-speech-es-83831.mp3	1800	9480	¿Crees que los humanos llegarán a otras estrellas?		0	teens		Andino-Pacífico: Colombia, Perú, Ecuador, oeste de Bolivia y Venezuela andina		Spanish	1	0	0			short-audio
08acebce1c3d2aa688e6930607cdb2cd	83832	spontaneous-speech-es-83832.mp3	4680	8061	¿Cómo celebra tu familia éxitos como graduación o ganar un premio?		0	teens		Andino-Pacífico: Colombia, Perú, Ecuador, oeste de Bolivia y Venezuela andina		Spanish	0	0	0			
08acebce1c3d2aa688e6930607cdb2cd	83834	spontaneous-speech-es-83834.mp3	1440	9479	¿Crees que viviremos alguna vez en Marte?		0	teens		Andino-Pacífico: Colombia, Perú, Ecuador, oeste de Bolivia y Venezuela andina		Spanish	1	0	0			short-audio
08acebce1c3d2aa688e6930607cdb2cd	83835	spontaneous-speech-es-83835.mp3	3816	9298	¿Cuál es tu plato de comida favorito?		0	teens		Andino-Pacífico: Colombia, Perú, Ecuador, oeste de Bolivia y Venezuela andina		Spanish	1	0	0			
08acebce1c3d2aa688e6930607cdb2cd	83837	spontaneous-speech-es-83837.mp3	180	9473	¿Sabes hacer algo que poca gente sepa hacer?		0	teens		Andino-Pacífico: Colombia, Perú, Ecuador, oeste de Bolivia y Venezuela andina		Spanish	1	0	0			short-audio
08acebce1c3d2aa688e6930607cdb2cd	83839	spontaneous-speech-es-83839.mp3	6228	8013	¿Qué haces los fines de semana?		0	teens		Andino-Pacífico: Colombia, Perú, Ecuador, oeste de Bolivia y Venezuela andina		Spanish	0	0	0			
08acebce1c3d2aa688e6930607cdb2cd	83840	spontaneous-speech-es-83840.mp3	7128	8015	¿Cómo se celebran los cumpleaños?		0	teens		Andino-Pacífico: Colombia, Perú, Ecuador, oeste de Bolivia y Venezuela andina		Spanish	0	0	0			
36ede378c6f2a0694316bfbf8881392f	84627	spontaneous-speech-es-84627.mp3	4248	8032	¿Qué haces cuando no hay electricidad donde vives?		0	fourties				Spanish	0	0	0			
281d5981f29edfd5e3ab384ca0ef005e	86150	spontaneous-speech-es-86150.mp3	8496	9484	"¿Considerarías a la gravedad como ""magia""? (Es algo que te atrae a la Tierra pero no puedes ni verlo ni tocarlo.)"		0	twenties				Spanish	1	0	0			
281d5981f29edfd5e3ab384ca0ef005e	86151	spontaneous-speech-es-86151.mp3	5076	9281	¿Te gustan las matemáticas?		0	twenties				Spanish	1	0	0			
281d5981f29edfd5e3ab384ca0ef005e	86153	spontaneous-speech-es-86153.mp3	7128	9293	¿Te gustaría ver alguna vez una aurora boreal?		0	twenties				Spanish	1	0	0			
281d5981f29edfd5e3ab384ca0ef005e	86154	spontaneous-speech-es-86154.mp3	8748	8005	¿Cómo se prepara tu comunidad para navidad?		0	twenties				Spanish	0	0	0			
281d5981f29edfd5e3ab384ca0ef005e	86155	spontaneous-speech-es-86155.mp3	7128	8017	¿Cómo se celebra el nacimiento de un niño?		0	twenties				Spanish	0	0	0			
281d5981f29edfd5e3ab384ca0ef005e	86156	spontaneous-speech-es-86156.mp3	7200	9288	¿La inteligencia artificial será beneficiosa o dañina para la humanidad?		0	twenties				Spanish	1	0	0			
281d5981f29edfd5e3ab384ca0ef005e	86157	spontaneous-speech-es-86157.mp3	6768	8044	¿Cuáles son las formas de demostrar respeto en donde vives?		0	twenties				Spanish	0	0	0			
281d5981f29edfd5e3ab384ca0ef005e	86158	spontaneous-speech-es-86158.mp3	9108	8016	¿Qué valores importantes se enseñan a los niños en tu comunidad?		0	twenties				Spanish	0	0	0			
281d5981f29edfd5e3ab384ca0ef005e	86159	spontaneous-speech-es-86159.mp3	5220	9290	¿Estás feliz ahora mismo?		0	twenties				Spanish	1	0	0			
281d5981f29edfd5e3ab384ca0ef005e	86160	spontaneous-speech-es-86160.mp3	5220	9292	¿Consideras que el cero es un número?		0	twenties				Spanish	1	0	0			
281d5981f29edfd5e3ab384ca0ef005e	86298	spontaneous-speech-es-86298.mp3	6588	9291	¿Cuánto hace que no llueve sobre tu casa?		0	twenties				Spanish	1	0	0			
281d5981f29edfd5e3ab384ca0ef005e	86299	spontaneous-speech-es-86299.mp3	6840	9483	Si quisieras alegrar a un desconocido, ¿qué harías?		0	twenties				Spanish	1	0	0			
281d5981f29edfd5e3ab384ca0ef005e	86300	spontaneous-speech-es-86300.mp3	9216	8034	¿Qué consejo dan usualmente los mayores a los jovenes?		0	twenties				Spanish	0	0	0			
281d5981f29edfd5e3ab384ca0ef005e	86301	spontaneous-speech-es-86301.mp3	8136	9429	¿Te gusta tocar (tañer) algún instrumento musical? Comenta cuál o cuáles.		0	twenties				Spanish	1	0	0			
281d5981f29edfd5e3ab384ca0ef005e	86303	spontaneous-speech-es-86303.mp3	11916	8048	¿Cuáles serían tus vacaciones ideales?		0	twenties				Spanish	0	0	0			
281d5981f29edfd5e3ab384ca0ef005e	86304	spontaneous-speech-es-86304.mp3	10800	9477	Si has visitado un museo, ¿qué llamó más tu atención?		0	twenties				Spanish	1	0	0			
281d5981f29edfd5e3ab384ca0ef005e	86305	spontaneous-speech-es-86305.mp3	6480	8047	¿Cuáles son tus canciones favoritas?		0	twenties				Spanish	0	0	0			
281d5981f29edfd5e3ab384ca0ef005e	86307	spontaneous-speech-es-86307.mp3	8748	8031	¿Cuál es el sitio más bello por donde vives y por qué?		0	twenties				Spanish	0	0	0			
281d5981f29edfd5e3ab384ca0ef005e	86308	spontaneous-speech-es-86308.mp3	8748	8041	¿Qué fue algo que aprendiste de tus abuelos?		0	twenties				Spanish	0	0	0			
281d5981f29edfd5e3ab384ca0ef005e	86309	spontaneous-speech-es-86309.mp3	6120	8050	¿Qué hacen las personas cuando se sienten enfermas?		0	twenties				Spanish	0	0	0			
281d5981f29edfd5e3ab384ca0ef005e	86310	spontaneous-speech-es-86310.mp3	6696	8009	¿Cuál es tu fruta favorita? ¿puedes describir cómo se ve?		0	twenties				Spanish	0	0	0			
281d5981f29edfd5e3ab384ca0ef005e	86311	spontaneous-speech-es-86311.mp3	13356	8004	¿Cuál es festividad tu favorita y cómo se celebra?		0	twenties				Spanish	0	0	0			
281d5981f29edfd5e3ab384ca0ef005e	86312	spontaneous-speech-es-86312.mp3	7956	9462	¿Te fijas en el color de ojos de otras personas?		0	twenties				Spanish	1	0	0			
281d5981f29edfd5e3ab384ca0ef005e	86314	spontaneous-speech-es-86314.mp3	6408	8020	¿Qué tipo de flores o plantas hay donde vives?		0	twenties				Spanish	0	0	0			
281d5981f29edfd5e3ab384ca0ef005e	86316	spontaneous-speech-es-86316.mp3	10980	8036	¿Cómo son las casas típicas en donde vives?		0	twenties				Spanish	0	0	0			
281d5981f29edfd5e3ab384ca0ef005e	86317	spontaneous-speech-es-86317.mp3	7380	9465	¿Bebes mucho café?		0	twenties				Spanish	1	0	0			
281d5981f29edfd5e3ab384ca0ef005e	86318	spontaneous-speech-es-86318.mp3	6120	9482	Si quisieras hacer feliz a alguien, ¿qué le dirías?		0	twenties				Spanish	1	0	0			
281d5981f29edfd5e3ab384ca0ef005e	86319	spontaneous-speech-es-86319.mp3	9936	8008	¿Qué juegan los niños usualmente en tu región?		0	twenties				Spanish	0	0	0			
281d5981f29edfd5e3ab384ca0ef005e	86320	spontaneous-speech-es-86320.mp3	5976	8028	¿Cómo son las nubes donde vives?		0	twenties				Spanish	0	0	0			
281d5981f29edfd5e3ab384ca0ef005e	86321	spontaneous-speech-es-86321.mp3	9000	9283	¿Crees que hay vida inteligente en otros planetas?		0	twenties				Spanish	1	0	0			
281d5981f29edfd5e3ab384ca0ef005e	86323	spontaneous-speech-es-86323.mp3	8496	8040	¿Cómo sería tu celebración ideal?		0	twenties				Spanish	0	0	0			
281d5981f29edfd5e3ab384ca0ef005e	86488	spontaneous-speech-es-86488.mp3	7740	8023	Describe un animal que hayas visto hace poco		0	twenties				Spanish	0	0	0			
281d5981f29edfd5e3ab384ca0ef005e	86490	spontaneous-speech-es-86490.mp3	7848	9243	¿Qué opinas del trabajo remoto?		0	twenties				Spanish	1	0	0			
e1e8f60ef8730991a41084fd60b5ee76	87095	spontaneous-speech-es-87095.mp3	4320	9287	¿Por qué crees que el cielo es azul?		0	teens		España: Norte peninsular (Asturias, Castilla y León, Cantabria, País Vasco, Navarra, Aragón, La Rioja, Guadalajara, Cuenca)|Ruso		Spanish	1	0	0			
e1e8f60ef8730991a41084fd60b5ee76	87096	spontaneous-speech-es-87096.mp3	3420	8035	¿Qué consejo le darías a una amistad cuando está asustada?		0	teens		España: Norte peninsular (Asturias, Castilla y León, Cantabria, País Vasco, Navarra, Aragón, La Rioja, Guadalajara, Cuenca)|Ruso		Spanish	0	0	0			
e1e8f60ef8730991a41084fd60b5ee76	87097	spontaneous-speech-es-87097.mp3	5760	8018	¿Cuál es tu historia favorita o leyenda que recuerdas de la niñez?		0	teens		España: Norte peninsular (Asturias, Castilla y León, Cantabria, País Vasco, Navarra, Aragón, La Rioja, Guadalajara, Cuenca)|Ruso		Spanish	0	0	0			
e1e8f60ef8730991a41084fd60b5ee76	87098	spontaneous-speech-es-87098.mp3	10620	8063	¿Hay un baile tradicional donde naciste y cuándo se realiza?		0	teens		España: Norte peninsular (Asturias, Castilla y León, Cantabria, País Vasco, Navarra, Aragón, La Rioja, Guadalajara, Cuenca)|Ruso		Spanish	0	0	0			
e1e8f60ef8730991a41084fd60b5ee76	87099	spontaneous-speech-es-87099.mp3	7308	9243	¿Qué opinas del trabajo remoto?		0	teens		España: Norte peninsular (Asturias, Castilla y León, Cantabria, País Vasco, Navarra, Aragón, La Rioja, Guadalajara, Cuenca)|Ruso		Spanish	1	0	0			
e1e8f60ef8730991a41084fd60b5ee76	87100	spontaneous-speech-es-87100.mp3	11520	9484	"¿Considerarías a la gravedad como ""magia""? (Es algo que te atrae a la Tierra pero no puedes ni verlo ni tocarlo.)"		0	teens		España: Norte peninsular (Asturias, Castilla y León, Cantabria, País Vasco, Navarra, Aragón, La Rioja, Guadalajara, Cuenca)|Ruso		Spanish	1	0	0			
e1e8f60ef8730991a41084fd60b5ee76	87101	spontaneous-speech-es-87101.mp3	21276	9296	¿Recuerdas los nombres de los siete colores del arcoíris?		0	teens		España: Norte peninsular (Asturias, Castilla y León, Cantabria, País Vasco, Navarra, Aragón, La Rioja, Guadalajara, Cuenca)|Ruso		Spanish	1	0	0			
e1e8f60ef8730991a41084fd60b5ee76	87102	spontaneous-speech-es-87102.mp3	3708	9241	¿Cómo se llama la capital de tu país?		0	teens		España: Norte peninsular (Asturias, Castilla y León, Cantabria, País Vasco, Navarra, Aragón, La Rioja, Guadalajara, Cuenca)|Ruso		Spanish	1	0	0			
e1e8f60ef8730991a41084fd60b5ee76	87103	spontaneous-speech-es-87103.mp3	8676	9466	¿Generalmente, tienes en cuenta a otras personas cuando decides algo?		0	teens		España: Norte peninsular (Asturias, Castilla y León, Cantabria, País Vasco, Navarra, Aragón, La Rioja, Guadalajara, Cuenca)|Ruso		Spanish	1	0	0			
e1e8f60ef8730991a41084fd60b5ee76	87104	spontaneous-speech-es-87104.mp3	13248	8066	¿Cómo consideras que debería ayudar el gobierno?		0	teens		España: Norte peninsular (Asturias, Castilla y León, Cantabria, País Vasco, Navarra, Aragón, La Rioja, Guadalajara, Cuenca)|Ruso		Spanish	0	0	0			
e1e8f60ef8730991a41084fd60b5ee76	87105	spontaneous-speech-es-87105.mp3	4320	9461	¿Cuál es el sitio más lejano al que has viajado?		0	teens		España: Norte peninsular (Asturias, Castilla y León, Cantabria, País Vasco, Navarra, Aragón, La Rioja, Guadalajara, Cuenca)|Ruso		Spanish	1	0	0			
e1e8f60ef8730991a41084fd60b5ee76	87106	spontaneous-speech-es-87106.mp3	5076	9471	¿Sabes el nombre de algún ave?		0	teens		España: Norte peninsular (Asturias, Castilla y León, Cantabria, País Vasco, Navarra, Aragón, La Rioja, Guadalajara, Cuenca)|Ruso		Spanish	1	0	0			
e1e8f60ef8730991a41084fd60b5ee76	87107	spontaneous-speech-es-87107.mp3	6300	8054	¿Te gusta nadar? ¿por qué?		0	teens		España: Norte peninsular (Asturias, Castilla y León, Cantabria, País Vasco, Navarra, Aragón, La Rioja, Guadalajara, Cuenca)|Ruso		Spanish	0	0	0			
e1e8f60ef8730991a41084fd60b5ee76	87108	spontaneous-speech-es-87108.mp3	5616	8013	¿Qué haces los fines de semana?		0	teens		España: Norte peninsular (Asturias, Castilla y León, Cantabria, País Vasco, Navarra, Aragón, La Rioja, Guadalajara, Cuenca)|Ruso		Spanish	0	0	0			
e1e8f60ef8730991a41084fd60b5ee76	87109	spontaneous-speech-es-87109.mp3	5040	8012	¿Cuáles son los meses lluviosos en donde naciste?		0	teens		España: Norte peninsular (Asturias, Castilla y León, Cantabria, País Vasco, Navarra, Aragón, La Rioja, Guadalajara, Cuenca)|Ruso		Spanish	0	0	0			
e1e8f60ef8730991a41084fd60b5ee76	87110	spontaneous-speech-es-87110.mp3	3816	8024	¿Cuál es el insecto más grande que has visto?		0	teens		España: Norte peninsular (Asturias, Castilla y León, Cantabria, País Vasco, Navarra, Aragón, La Rioja, Guadalajara, Cuenca)|Ruso		Spanish	0	0	0			
e1e8f60ef8730991a41084fd60b5ee76	87111	spontaneous-speech-es-87111.mp3	3600	9470	¿Prefieres un producto caro de marca, o una ganga barata?		0	teens		España: Norte peninsular (Asturias, Castilla y León, Cantabria, País Vasco, Navarra, Aragón, La Rioja, Guadalajara, Cuenca)|Ruso		Spanish	1	0	0			
e1e8f60ef8730991a41084fd60b5ee76	87112	spontaneous-speech-es-87112.mp3	4356	8019	¿Qué mascotas son las preferidas en donde vives?		0	teens		España: Norte peninsular (Asturias, Castilla y León, Cantabria, País Vasco, Navarra, Aragón, La Rioja, Guadalajara, Cuenca)|Ruso		Spanish	0	0	0			
e1e8f60ef8730991a41084fd60b5ee76	87113	spontaneous-speech-es-87113.mp3	3420	9292	¿Consideras que el cero es un número?		0	teens		España: Norte peninsular (Asturias, Castilla y León, Cantabria, País Vasco, Navarra, Aragón, La Rioja, Guadalajara, Cuenca)|Ruso		Spanish	1	0	0			
e1e8f60ef8730991a41084fd60b5ee76	87114	spontaneous-speech-es-87114.mp3	5148	9293	¿Te gustaría ver alguna vez una aurora boreal?		0	teens		España: Norte peninsular (Asturias, Castilla y León, Cantabria, País Vasco, Navarra, Aragón, La Rioja, Guadalajara, Cuenca)|Ruso		Spanish	1	0	0			
e1e8f60ef8730991a41084fd60b5ee76	87115	spontaneous-speech-es-87115.mp3	9576	9297	¿Por qué estás contribuyendo con tu voz a este programa?		0	teens		España: Norte peninsular (Asturias, Castilla y León, Cantabria, País Vasco, Navarra, Aragón, La Rioja, Guadalajara, Cuenca)|Ruso		Spanish	1	0	0			
e1e8f60ef8730991a41084fd60b5ee76	87116	spontaneous-speech-es-87116.mp3	8856	8016	¿Qué valores importantes se enseñan a los niños en tu comunidad?		0	teens		España: Norte peninsular (Asturias, Castilla y León, Cantabria, País Vasco, Navarra, Aragón, La Rioja, Guadalajara, Cuenca)|Ruso		Spanish	0	0	0			
e1e8f60ef8730991a41084fd60b5ee76	87117	spontaneous-speech-es-87117.mp3	4068	9429	¿Te gusta tocar (tañer) algún instrumento musical? Comenta cuál o cuáles.		0	teens		España: Norte peninsular (Asturias, Castilla y León, Cantabria, País Vasco, Navarra, Aragón, La Rioja, Guadalajara, Cuenca)|Ruso		Spanish	1	0	0			
e1e8f60ef8730991a41084fd60b5ee76	87118	spontaneous-speech-es-87118.mp3	6048	8008	¿Qué juegan los niños usualmente en tu región?		0	teens		España: Norte peninsular (Asturias, Castilla y León, Cantabria, País Vasco, Navarra, Aragón, La Rioja, Guadalajara, Cuenca)|Ruso		Spanish	0	0	0			
e1e8f60ef8730991a41084fd60b5ee76	87119	spontaneous-speech-es-87119.mp3	3528	9479	¿Crees que viviremos alguna vez en Marte?		0	teens		España: Norte peninsular (Asturias, Castilla y León, Cantabria, País Vasco, Navarra, Aragón, La Rioja, Guadalajara, Cuenca)|Ruso		Spanish	1	0	0			
e1e8f60ef8730991a41084fd60b5ee76	87120	spontaneous-speech-es-87120.mp3	3240	9283	¿Crees que hay vida inteligente en otros planetas?		0	teens		España: Norte peninsular (Asturias, Castilla y León, Cantabria, País Vasco, Navarra, Aragón, La Rioja, Guadalajara, Cuenca)|Ruso		Spanish	1	0	0			
e1e8f60ef8730991a41084fd60b5ee76	87121	spontaneous-speech-es-87121.mp3	15660	9284	¿Puedes resumir el último libro que leíste?		0	teens		España: Norte peninsular (Asturias, Castilla y León, Cantabria, País Vasco, Navarra, Aragón, La Rioja, Guadalajara, Cuenca)|Ruso		Spanish	1	0	0			
e1e8f60ef8730991a41084fd60b5ee76	87122	spontaneous-speech-es-87122.mp3	4896	9288	¿La inteligencia artificial será beneficiosa o dañina para la humanidad?		0	teens		España: Norte peninsular (Asturias, Castilla y León, Cantabria, País Vasco, Navarra, Aragón, La Rioja, Guadalajara, Cuenca)|Ruso		Spanish	1	0	0			
e1e8f60ef8730991a41084fd60b5ee76	87123	spontaneous-speech-es-87123.mp3	9720	8029	¿Cómo celebras el año nuevo?		0	teens		España: Norte peninsular (Asturias, Castilla y León, Cantabria, País Vasco, Navarra, Aragón, La Rioja, Guadalajara, Cuenca)|Ruso		Spanish	0	0	0			
e1e8f60ef8730991a41084fd60b5ee76	87124	spontaneous-speech-es-87124.mp3	14868	8010	¿Cuál es la región en tu país en la que es más difícil entender como hablan?		0	teens		España: Norte peninsular (Asturias, Castilla y León, Cantabria, País Vasco, Navarra, Aragón, La Rioja, Guadalajara, Cuenca)|Ruso		Spanish	0	0	0			
e1e8f60ef8730991a41084fd60b5ee76	87125	spontaneous-speech-es-87125.mp3	6696	9298	¿Cuál es tu plato de comida favorito?		0	teens		España: Norte peninsular (Asturias, Castilla y León, Cantabria, País Vasco, Navarra, Aragón, La Rioja, Guadalajara, Cuenca)|Ruso		Spanish	1	0	0			
e1e8f60ef8730991a41084fd60b5ee76	87126	spontaneous-speech-es-87126.mp3	6336	8041	¿Qué fue algo que aprendiste de tus abuelos?		0	teens		España: Norte peninsular (Asturias, Castilla y León, Cantabria, País Vasco, Navarra, Aragón, La Rioja, Guadalajara, Cuenca)|Ruso		Spanish	0	0	0			
e1e8f60ef8730991a41084fd60b5ee76	87127	spontaneous-speech-es-87127.mp3	19656	9476	Si tienes que sumar mentalmente 53 y 39, ¿cómo haces esa suma?		0	teens		España: Norte peninsular (Asturias, Castilla y León, Cantabria, País Vasco, Navarra, Aragón, La Rioja, Guadalajara, Cuenca)|Ruso		Spanish	1	0	0			
e1e8f60ef8730991a41084fd60b5ee76	87128	spontaneous-speech-es-87128.mp3	4500	8011	¿Cuáles son los deportes más populares en donde vives?		0	teens		España: Norte peninsular (Asturias, Castilla y León, Cantabria, País Vasco, Navarra, Aragón, La Rioja, Guadalajara, Cuenca)|Ruso		Spanish	0	0	0			
e1e8f60ef8730991a41084fd60b5ee76	87129	spontaneous-speech-es-87129.mp3	16380	8020	¿Qué tipo de flores o plantas hay donde vives?		0	teens		España: Norte peninsular (Asturias, Castilla y León, Cantabria, País Vasco, Navarra, Aragón, La Rioja, Guadalajara, Cuenca)|Ruso		Spanish	0	0	0			
e1e8f60ef8730991a41084fd60b5ee76	87130	spontaneous-speech-es-87130.mp3	8460	8009	¿Cuál es tu fruta favorita? ¿puedes describir cómo se ve?	Mi fruta favorita es naranja, es dulce y tiene color naranja.	1	teens		España: Norte peninsular (Asturias, Castilla y León, Cantabria, País Vasco, Navarra, Aragón, La Rioja, Guadalajara, Cuenca)|Ruso		Spanish	0	0	0		6.028368794326241	
e1e8f60ef8730991a41084fd60b5ee76	87131	spontaneous-speech-es-87131.mp3	6120	8052	¿Cuál era tu materia favorita cuando estudiaste?		0	teens		España: Norte peninsular (Asturias, Castilla y León, Cantabria, País Vasco, Navarra, Aragón, La Rioja, Guadalajara, Cuenca)|Ruso		Spanish	0	0	0			
e1e8f60ef8730991a41084fd60b5ee76	87132	spontaneous-speech-es-87132.mp3	8100	8058	¿Qué personaje de la historia admiras y por qué?		0	teens		España: Norte peninsular (Asturias, Castilla y León, Cantabria, País Vasco, Navarra, Aragón, La Rioja, Guadalajara, Cuenca)|Ruso		Spanish	0	0	0			
e1e8f60ef8730991a41084fd60b5ee76	87133	spontaneous-speech-es-87133.mp3	5616	8055	¿Qué tipo de arte te gusta?		0	teens		España: Norte peninsular (Asturias, Castilla y León, Cantabria, País Vasco, Navarra, Aragón, La Rioja, Guadalajara, Cuenca)|Ruso		Spanish	0	0	0			
e1e8f60ef8730991a41084fd60b5ee76	87134	spontaneous-speech-es-87134.mp3	6948	9295	¿Qué es lo último que has aprendido (mejor algo sorprendente)?		0	teens		España: Norte peninsular (Asturias, Castilla y León, Cantabria, País Vasco, Navarra, Aragón, La Rioja, Guadalajara, Cuenca)|Ruso		Spanish	1	0	0			
e1e8f60ef8730991a41084fd60b5ee76	87135	spontaneous-speech-es-87135.mp3	5868	9486	¿Has visto El Señor de los Anillos? ¿Por qué?		0	teens		España: Norte peninsular (Asturias, Castilla y León, Cantabria, País Vasco, Navarra, Aragón, La Rioja, Guadalajara, Cuenca)|Ruso		Spanish	1	0	0			
e1e8f60ef8730991a41084fd60b5ee76	87136	spontaneous-speech-es-87136.mp3	7596	8015	¿Cómo se celebran los cumpleaños?		0	teens		España: Norte peninsular (Asturias, Castilla y León, Cantabria, País Vasco, Navarra, Aragón, La Rioja, Guadalajara, Cuenca)|Ruso		Spanish	0	0	0			
e1e8f60ef8730991a41084fd60b5ee76	87137	spontaneous-speech-es-87137.mp3	4788	9485	¿Crees que cinco es mucho o poco?		0	teens		España: Norte peninsular (Asturias, Castilla y León, Cantabria, País Vasco, Navarra, Aragón, La Rioja, Guadalajara, Cuenca)|Ruso		Spanish	1	0	0			
e1e8f60ef8730991a41084fd60b5ee76	87138	spontaneous-speech-es-87138.mp3	14616	8030	¿Por qué te gusta más el frío o el calor?		0	teens		España: Norte peninsular (Asturias, Castilla y León, Cantabria, País Vasco, Navarra, Aragón, La Rioja, Guadalajara, Cuenca)|Ruso		Spanish	0	0	0			
e1e8f60ef8730991a41084fd60b5ee76	87139	spontaneous-speech-es-87139.mp3	12600	9459	¿Has visto algún planeta con prismáticos?		0	teens		España: Norte peninsular (Asturias, Castilla y León, Cantabria, País Vasco, Navarra, Aragón, La Rioja, Guadalajara, Cuenca)|Ruso		Spanish	1	0	0			
e1e8f60ef8730991a41084fd60b5ee76	87140	spontaneous-speech-es-87140.mp3	5580	8014	¿Qué hacen los niños usualmente después del colegio?		0	teens		España: Norte peninsular (Asturias, Castilla y León, Cantabria, País Vasco, Navarra, Aragón, La Rioja, Guadalajara, Cuenca)|Ruso		Spanish	0	0	0			
e1e8f60ef8730991a41084fd60b5ee76	87141	spontaneous-speech-es-87141.mp3	4500	9294	¿Conoces el nombre de algún pájaro?		0	teens		España: Norte peninsular (Asturias, Castilla y León, Cantabria, País Vasco, Navarra, Aragón, La Rioja, Guadalajara, Cuenca)|Ruso		Spanish	1	0	0			
e1e8f60ef8730991a41084fd60b5ee76	87142	spontaneous-speech-es-87142.mp3	3816	9465	¿Bebes mucho café?		0	teens		España: Norte peninsular (Asturias, Castilla y León, Cantabria, País Vasco, Navarra, Aragón, La Rioja, Guadalajara, Cuenca)|Ruso		Spanish	1	0	0			
e1e8f60ef8730991a41084fd60b5ee76	87143	spontaneous-speech-es-87143.mp3	8028	8022	¿Qué canción popular hay que todos conozcan donde vives?		0	teens		España: Norte peninsular (Asturias, Castilla y León, Cantabria, País Vasco, Navarra, Aragón, La Rioja, Guadalajara, Cuenca)|Ruso		Spanish	0	0	0			
e1e8f60ef8730991a41084fd60b5ee76	87144	spontaneous-speech-es-87144.mp3	4356	9468	¿Cuál es la canción más ilusionante que conoces (la que levantaría el espíritu a cualquiera)?		0	teens		España: Norte peninsular (Asturias, Castilla y León, Cantabria, País Vasco, Navarra, Aragón, La Rioja, Guadalajara, Cuenca)|Ruso		Spanish	1	0	0			
e1e8f60ef8730991a41084fd60b5ee76	87145	spontaneous-speech-es-87145.mp3	3168	8057	¿Cuál es el elemento tecnológico que más usas?		0	teens		España: Norte peninsular (Asturias, Castilla y León, Cantabria, País Vasco, Navarra, Aragón, La Rioja, Guadalajara, Cuenca)|Ruso		Spanish	0	0	0			
e1e8f60ef8730991a41084fd60b5ee76	87146	spontaneous-speech-es-87146.mp3	11880	8050	¿Qué hacen las personas cuando se sienten enfermas?		0	teens		España: Norte peninsular (Asturias, Castilla y León, Cantabria, País Vasco, Navarra, Aragón, La Rioja, Guadalajara, Cuenca)|Ruso		Spanish	0	0	0			
e1e8f60ef8730991a41084fd60b5ee76	87147	spontaneous-speech-es-87147.mp3	4428	9428	¿Por cuál lado de la calzada se conduce en tu territorio?		0	teens		España: Norte peninsular (Asturias, Castilla y León, Cantabria, País Vasco, Navarra, Aragón, La Rioja, Guadalajara, Cuenca)|Ruso		Spanish	1	0	0			
e1e8f60ef8730991a41084fd60b5ee76	87148	spontaneous-speech-es-87148.mp3	7056	9477	Si has visitado un museo, ¿qué llamó más tu atención?		0	teens		España: Norte peninsular (Asturias, Castilla y León, Cantabria, País Vasco, Navarra, Aragón, La Rioja, Guadalajara, Cuenca)|Ruso		Spanish	1	0	0			
e1e8f60ef8730991a41084fd60b5ee76	87149	spontaneous-speech-es-87149.mp3	8316	9482	Si quisieras hacer feliz a alguien, ¿qué le dirías?		0	teens		España: Norte peninsular (Asturias, Castilla y León, Cantabria, País Vasco, Navarra, Aragón, La Rioja, Guadalajara, Cuenca)|Ruso		Spanish	1	0	0			
e1e8f60ef8730991a41084fd60b5ee76	87150	spontaneous-speech-es-87150.mp3	17100	8027	Describe un paseo al mar, al rio o algún lago		0	teens		España: Norte peninsular (Asturias, Castilla y León, Cantabria, País Vasco, Navarra, Aragón, La Rioja, Guadalajara, Cuenca)|Ruso		Spanish	0	0	0			
e1e8f60ef8730991a41084fd60b5ee76	87151	spontaneous-speech-es-87151.mp3	3600	8034	¿Qué consejo dan usualmente los mayores a los jovenes?		0	teens		España: Norte peninsular (Asturias, Castilla y León, Cantabria, País Vasco, Navarra, Aragón, La Rioja, Guadalajara, Cuenca)|Ruso		Spanish	0	0	0			
e1e8f60ef8730991a41084fd60b5ee76	87152	spontaneous-speech-es-87152.mp3	6876	9282	¿Prefieres la música clásica o la moderna?		0	teens		España: Norte peninsular (Asturias, Castilla y León, Cantabria, País Vasco, Navarra, Aragón, La Rioja, Guadalajara, Cuenca)|Ruso		Spanish	1	0	0			
e1e8f60ef8730991a41084fd60b5ee76	87153	spontaneous-speech-es-87153.mp3	11880	8026	¿Qué nombres de estrellas o constelaciones conoces?		0	teens		España: Norte peninsular (Asturias, Castilla y León, Cantabria, País Vasco, Navarra, Aragón, La Rioja, Guadalajara, Cuenca)|Ruso		Spanish	0	0	0			
e1e8f60ef8730991a41084fd60b5ee76	87154	spontaneous-speech-es-87154.mp3	6588	8033	¿Qué hace un buen vecino en tu comunidad?		0	teens		España: Norte peninsular (Asturias, Castilla y León, Cantabria, País Vasco, Navarra, Aragón, La Rioja, Guadalajara, Cuenca)|Ruso		Spanish	0	0	0			
e1e8f60ef8730991a41084fd60b5ee76	87155	spontaneous-speech-es-87155.mp3	8568	9299	¿Cuándo empezaste a beber café?		0	teens		España: Norte peninsular (Asturias, Castilla y León, Cantabria, País Vasco, Navarra, Aragón, La Rioja, Guadalajara, Cuenca)|Ruso		Spanish	1	0	0			
e1e8f60ef8730991a41084fd60b5ee76	87156	spontaneous-speech-es-87156.mp3	3888	8037	¿Qué haces cuando tienes visita en casa?		0	teens		España: Norte peninsular (Asturias, Castilla y León, Cantabria, País Vasco, Navarra, Aragón, La Rioja, Guadalajara, Cuenca)|Ruso		Spanish	0	0	0			
e1e8f60ef8730991a41084fd60b5ee76	87157	spontaneous-speech-es-87157.mp3	4428	9457	¿Qué es lo más fácil que sabes cocinar?		0	teens		España: Norte peninsular (Asturias, Castilla y León, Cantabria, País Vasco, Navarra, Aragón, La Rioja, Guadalajara, Cuenca)|Ruso		Spanish	1	0	0			
e1e8f60ef8730991a41084fd60b5ee76	87158	spontaneous-speech-es-87158.mp3	5940	8051	¿Cómo aprendiste los idiomas que hablas?		0	teens		España: Norte peninsular (Asturias, Castilla y León, Cantabria, País Vasco, Navarra, Aragón, La Rioja, Guadalajara, Cuenca)|Ruso		Spanish	0	0	0			
e1e8f60ef8730991a41084fd60b5ee76	87159	spontaneous-speech-es-87159.mp3	3456	8032	¿Qué haces cuando no hay electricidad donde vives?		0	teens		España: Norte peninsular (Asturias, Castilla y León, Cantabria, País Vasco, Navarra, Aragón, La Rioja, Guadalajara, Cuenca)|Ruso		Spanish	0	0	0			
e1e8f60ef8730991a41084fd60b5ee76	87160	spontaneous-speech-es-87160.mp3	3708	9280	¿Tienes un animal de compañía?		0	teens		España: Norte peninsular (Asturias, Castilla y León, Cantabria, País Vasco, Navarra, Aragón, La Rioja, Guadalajara, Cuenca)|Ruso		Spanish	1	0	0			
e1e8f60ef8730991a41084fd60b5ee76	87161	spontaneous-speech-es-87161.mp3	11988	9474	¿Conoces a alguien que sea muy bueno en algo?		0	teens		España: Norte peninsular (Asturias, Castilla y León, Cantabria, País Vasco, Navarra, Aragón, La Rioja, Guadalajara, Cuenca)|Ruso		Spanish	1	0	0			
e1e8f60ef8730991a41084fd60b5ee76	87162	spontaneous-speech-es-87162.mp3	12960	8065	¿Qué hacen los estudiantes cuando no hay colegio?		0	teens		España: Norte peninsular (Asturias, Castilla y León, Cantabria, País Vasco, Navarra, Aragón, La Rioja, Guadalajara, Cuenca)|Ruso		Spanish	0	0	0			
e1e8f60ef8730991a41084fd60b5ee76	87163	spontaneous-speech-es-87163.mp3	6876	8043	¿Que ofrece la gente de regalo cuando va de visita a otra casa?		0	teens		España: Norte peninsular (Asturias, Castilla y León, Cantabria, País Vasco, Navarra, Aragón, La Rioja, Guadalajara, Cuenca)|Ruso		Spanish	0	0	0			
e1e8f60ef8730991a41084fd60b5ee76	87164	spontaneous-speech-es-87164.mp3	10548	8059	¿Es fácil abrir un negocio donde vives? ¿Qué es lo más difícil?		0	teens		España: Norte peninsular (Asturias, Castilla y León, Cantabria, País Vasco, Navarra, Aragón, La Rioja, Guadalajara, Cuenca)|Ruso		Spanish	0	0	0			
e1e8f60ef8730991a41084fd60b5ee76	87165	spontaneous-speech-es-87165.mp3	9936	8045	¿Qué historias del pasado se cuentan en tu familia?		0	teens		España: Norte peninsular (Asturias, Castilla y León, Cantabria, País Vasco, Navarra, Aragón, La Rioja, Guadalajara, Cuenca)|Ruso		Spanish	0	0	0			
e1e8f60ef8730991a41084fd60b5ee76	87166	spontaneous-speech-es-87166.mp3	9576	8023	Describe un animal que hayas visto hace poco		0	teens		España: Norte peninsular (Asturias, Castilla y León, Cantabria, País Vasco, Navarra, Aragón, La Rioja, Guadalajara, Cuenca)|Ruso		Spanish	0	0	0			
e1e8f60ef8730991a41084fd60b5ee76	87167	spontaneous-speech-es-87167.mp3	6660	9462	¿Te fijas en el color de ojos de otras personas?		0	teens		España: Norte peninsular (Asturias, Castilla y León, Cantabria, País Vasco, Navarra, Aragón, La Rioja, Guadalajara, Cuenca)|Ruso		Spanish	1	0	0			
e1e8f60ef8730991a41084fd60b5ee76	87168	spontaneous-speech-es-87168.mp3	11088	9472	¿Qué es lo más interesante que has aprendido últimamente?		0	teens		España: Norte peninsular (Asturias, Castilla y León, Cantabria, País Vasco, Navarra, Aragón, La Rioja, Guadalajara, Cuenca)|Ruso		Spanish	1	0	0			
e1e8f60ef8730991a41084fd60b5ee76	87169	spontaneous-speech-es-87169.mp3	22788	8007	¿Qué comida tradicional hay en tu región? ¿Puedes describirla?		0	teens		España: Norte peninsular (Asturias, Castilla y León, Cantabria, País Vasco, Navarra, Aragón, La Rioja, Guadalajara, Cuenca)|Ruso		Spanish	0	0	0			
e1e8f60ef8730991a41084fd60b5ee76	87170	spontaneous-speech-es-87170.mp3	12888	8017	¿Cómo se celebra el nacimiento de un niño?		0	teens		España: Norte peninsular (Asturias, Castilla y León, Cantabria, País Vasco, Navarra, Aragón, La Rioja, Guadalajara, Cuenca)|Ruso		Spanish	0	0	0			
e1e8f60ef8730991a41084fd60b5ee76	87171	spontaneous-speech-es-87171.mp3	11736	8062	¿Qué creen las personas acerca de los sueños o los signos en tu cultura?		0	teens		España: Norte peninsular (Asturias, Castilla y León, Cantabria, País Vasco, Navarra, Aragón, La Rioja, Guadalajara, Cuenca)|Ruso		Spanish	0	0	0			
e1e8f60ef8730991a41084fd60b5ee76	87172	spontaneous-speech-es-87172.mp3	8100	8049	¿Puedes nombrar algunos alimentos nutritivos?		0	teens		España: Norte peninsular (Asturias, Castilla y León, Cantabria, País Vasco, Navarra, Aragón, La Rioja, Guadalajara, Cuenca)|Ruso		Spanish	0	0	0			
e1e8f60ef8730991a41084fd60b5ee76	87173	spontaneous-speech-es-87173.mp3	8388	9289	¿Quién ganaría la pelea: un pastor alemán o seis gatos?		0	teens		España: Norte peninsular (Asturias, Castilla y León, Cantabria, País Vasco, Navarra, Aragón, La Rioja, Guadalajara, Cuenca)|Ruso		Spanish	1	0	0			
e1e8f60ef8730991a41084fd60b5ee76	87174	spontaneous-speech-es-87174.mp3	3168	9290	¿Estás feliz ahora mismo?		0	teens		España: Norte peninsular (Asturias, Castilla y León, Cantabria, País Vasco, Navarra, Aragón, La Rioja, Guadalajara, Cuenca)|Ruso		Spanish	1	0	0			
e1e8f60ef8730991a41084fd60b5ee76	87175	spontaneous-speech-es-87175.mp3	9108	8025	¿Qué hace la gente joven para divertirse en tu comunidad?		0	teens		España: Norte peninsular (Asturias, Castilla y León, Cantabria, País Vasco, Navarra, Aragón, La Rioja, Guadalajara, Cuenca)|Ruso		Spanish	0	0	0			
e1e8f60ef8730991a41084fd60b5ee76	87176	spontaneous-speech-es-87176.mp3	6120	9460	¿Has podido ver las estrellas en una noche muy oscura?		0	teens		España: Norte peninsular (Asturias, Castilla y León, Cantabria, País Vasco, Navarra, Aragón, La Rioja, Guadalajara, Cuenca)|Ruso		Spanish	1	0	0			
e1e8f60ef8730991a41084fd60b5ee76	87177	spontaneous-speech-es-87177.mp3	19440	8036	¿Cómo son las casas típicas en donde vives?		0	teens		España: Norte peninsular (Asturias, Castilla y León, Cantabria, País Vasco, Navarra, Aragón, La Rioja, Guadalajara, Cuenca)|Ruso		Spanish	0	0	0			
e1e8f60ef8730991a41084fd60b5ee76	87178	spontaneous-speech-es-87178.mp3	3960	9473	¿Sabes hacer algo que poca gente sepa hacer?		0	teens		España: Norte peninsular (Asturias, Castilla y León, Cantabria, País Vasco, Navarra, Aragón, La Rioja, Guadalajara, Cuenca)|Ruso		Spanish	1	0	0			
e1e8f60ef8730991a41084fd60b5ee76	87179	spontaneous-speech-es-87179.mp3	6660	8031	¿Cuál es el sitio más bello por donde vives y por qué?		0	teens		España: Norte peninsular (Asturias, Castilla y León, Cantabria, País Vasco, Navarra, Aragón, La Rioja, Guadalajara, Cuenca)|Ruso		Spanish	0	0	0			
e1e8f60ef8730991a41084fd60b5ee76	87180	spontaneous-speech-es-87180.mp3	5040	9242	¿Qué tipo de vehículo te gusta conducir?		0	teens		España: Norte peninsular (Asturias, Castilla y León, Cantabria, País Vasco, Navarra, Aragón, La Rioja, Guadalajara, Cuenca)|Ruso		Spanish	1	0	0			
e1e8f60ef8730991a41084fd60b5ee76	87181	spontaneous-speech-es-87181.mp3	8100	8021	¿Cuál es tu entretenimiento favorito?		0	teens		España: Norte peninsular (Asturias, Castilla y León, Cantabria, País Vasco, Navarra, Aragón, La Rioja, Guadalajara, Cuenca)|Ruso		Spanish	0	0	0			
e1e8f60ef8730991a41084fd60b5ee76	87182	spontaneous-speech-es-87182.mp3	3888	9463	¿Prefieres tener muchos amigos malos, o pocos amigos buenos?		0	teens		España: Norte peninsular (Asturias, Castilla y León, Cantabria, País Vasco, Navarra, Aragón, La Rioja, Guadalajara, Cuenca)|Ruso		Spanish	1	0	0			
e1e8f60ef8730991a41084fd60b5ee76	87183	spontaneous-speech-es-87183.mp3	9720	9281	¿Te gustan las matemáticas?		0	teens		España: Norte peninsular (Asturias, Castilla y León, Cantabria, País Vasco, Navarra, Aragón, La Rioja, Guadalajara, Cuenca)|Ruso		Spanish	1	0	0			
e1e8f60ef8730991a41084fd60b5ee76	87184	spontaneous-speech-es-87184.mp3	10800	8064	¿Qué hace usualmente la gente en la noche antes de dormir?		0	teens		España: Norte peninsular (Asturias, Castilla y León, Cantabria, País Vasco, Navarra, Aragón, La Rioja, Guadalajara, Cuenca)|Ruso		Spanish	0	0	0			
e1e8f60ef8730991a41084fd60b5ee76	87185	spontaneous-speech-es-87185.mp3	6696	9467	¿Cuál es el sitio más bonito en el que te gustaría estar o has estado?		0	teens		España: Norte peninsular (Asturias, Castilla y León, Cantabria, País Vasco, Navarra, Aragón, La Rioja, Guadalajara, Cuenca)|Ruso		Spanish	1	0	0			
e1e8f60ef8730991a41084fd60b5ee76	87186	spontaneous-speech-es-87186.mp3	4176	9464	¿Qué es lo más interesante que has hecho con la Inteligencia Artificial?		0	teens		España: Norte peninsular (Asturias, Castilla y León, Cantabria, País Vasco, Navarra, Aragón, La Rioja, Guadalajara, Cuenca)|Ruso		Spanish	1	0	0			
e1e8f60ef8730991a41084fd60b5ee76	87187	spontaneous-speech-es-87187.mp3	22356	9478	¿Cómo crees que funciona un pararrayos?		0	teens		España: Norte peninsular (Asturias, Castilla y León, Cantabria, País Vasco, Navarra, Aragón, La Rioja, Guadalajara, Cuenca)|Ruso		Spanish	1	0	0			
e1e8f60ef8730991a41084fd60b5ee76	87188	spontaneous-speech-es-87188.mp3	7740	8048	¿Cuáles serían tus vacaciones ideales?		0	teens		España: Norte peninsular (Asturias, Castilla y León, Cantabria, País Vasco, Navarra, Aragón, La Rioja, Guadalajara, Cuenca)|Ruso		Spanish	0	0	0			
e1e8f60ef8730991a41084fd60b5ee76	87189	spontaneous-speech-es-87189.mp3	3528	9481	¿Te gustaría tener un robot mayordomo?		0	teens		España: Norte peninsular (Asturias, Castilla y León, Cantabria, País Vasco, Navarra, Aragón, La Rioja, Guadalajara, Cuenca)|Ruso		Spanish	1	0	0			
e1e8f60ef8730991a41084fd60b5ee76	87190	spontaneous-speech-es-87190.mp3	14868	8003	¿Puedes describir como luce una boda tradicional?		0	teens		España: Norte peninsular (Asturias, Castilla y León, Cantabria, País Vasco, Navarra, Aragón, La Rioja, Guadalajara, Cuenca)|Ruso		Spanish	0	0	0			
e1e8f60ef8730991a41084fd60b5ee76	87191	spontaneous-speech-es-87191.mp3	4896	9291	¿Cuánto hace que no llueve sobre tu casa?		0	teens		España: Norte peninsular (Asturias, Castilla y León, Cantabria, País Vasco, Navarra, Aragón, La Rioja, Guadalajara, Cuenca)|Ruso		Spanish	1	0	0			
e1e8f60ef8730991a41084fd60b5ee76	87192	spontaneous-speech-es-87192.mp3	7560	8028	¿Cómo son las nubes donde vives?		0	teens		España: Norte peninsular (Asturias, Castilla y León, Cantabria, País Vasco, Navarra, Aragón, La Rioja, Guadalajara, Cuenca)|Ruso		Spanish	0	0	0			
e1e8f60ef8730991a41084fd60b5ee76	87193	spontaneous-speech-es-87193.mp3	17928	9285	¿Puedes resumir la última película que viste?		0	teens		España: Norte peninsular (Asturias, Castilla y León, Cantabria, País Vasco, Navarra, Aragón, La Rioja, Guadalajara, Cuenca)|Ruso		Spanish	1	0	0			
e1e8f60ef8730991a41084fd60b5ee76	87194	spontaneous-speech-es-87194.mp3	4716	8053	¿Qué momento histórico recuerdas?		0	teens		España: Norte peninsular (Asturias, Castilla y León, Cantabria, País Vasco, Navarra, Aragón, La Rioja, Guadalajara, Cuenca)|Ruso		Spanish	0	0	0			
e1e8f60ef8730991a41084fd60b5ee76	87195	spontaneous-speech-es-87195.mp3	4068	8056	¿Qué juegos de mesa son tus favoritos?		0	teens		España: Norte peninsular (Asturias, Castilla y León, Cantabria, País Vasco, Navarra, Aragón, La Rioja, Guadalajara, Cuenca)|Ruso		Spanish	0	0	0			
e1e8f60ef8730991a41084fd60b5ee76	87196	spontaneous-speech-es-87196.mp3	6588	8006	¿Cuál es el trabajo más usual que hacen en donde vives?		0	teens		España: Norte peninsular (Asturias, Castilla y León, Cantabria, País Vasco, Navarra, Aragón, La Rioja, Guadalajara, Cuenca)|Ruso		Spanish	0	0	0			
e1e8f60ef8730991a41084fd60b5ee76	87197	spontaneous-speech-es-87197.mp3	5760	8061	¿Cómo celebra tu familia éxitos como graduación o ganar un premio?		0	teens		España: Norte peninsular (Asturias, Castilla y León, Cantabria, País Vasco, Navarra, Aragón, La Rioja, Guadalajara, Cuenca)|Ruso		Spanish	0	0	0			
e1e8f60ef8730991a41084fd60b5ee76	87198	spontaneous-speech-es-87198.mp3	12168	8060	¿Qué tipo de negocios te gustaría que hubiera en tu zona?		0	teens		España: Norte peninsular (Asturias, Castilla y León, Cantabria, País Vasco, Navarra, Aragón, La Rioja, Guadalajara, Cuenca)|Ruso		Spanish	0	0	0			
e1e8f60ef8730991a41084fd60b5ee76	87199	spontaneous-speech-es-87199.mp3	7200	8047	¿Cuáles son tus canciones favoritas?		0	teens		España: Norte peninsular (Asturias, Castilla y León, Cantabria, País Vasco, Navarra, Aragón, La Rioja, Guadalajara, Cuenca)|Ruso		Spanish	0	0	0			
e1e8f60ef8730991a41084fd60b5ee76	87200	spontaneous-speech-es-87200.mp3	7740	8002	¿Qué hace normalmente la gente en donde vives los domingos?		0	teens		España: Norte peninsular (Asturias, Castilla y León, Cantabria, País Vasco, Navarra, Aragón, La Rioja, Guadalajara, Cuenca)|Ruso		Spanish	0	0	0			
e1e8f60ef8730991a41084fd60b5ee76	87201	spontaneous-speech-es-87201.mp3	12780	8040	¿Cómo sería tu celebración ideal?		0	teens		España: Norte peninsular (Asturias, Castilla y León, Cantabria, País Vasco, Navarra, Aragón, La Rioja, Guadalajara, Cuenca)|Ruso		Spanish	0	0	0			
e1e8f60ef8730991a41084fd60b5ee76	87202	spontaneous-speech-es-87202.mp3	13068	8004	¿Cuál es festividad tu favorita y cómo se celebra?		0	teens		España: Norte peninsular (Asturias, Castilla y León, Cantabria, País Vasco, Navarra, Aragón, La Rioja, Guadalajara, Cuenca)|Ruso		Spanish	0	0	0			
e1e8f60ef8730991a41084fd60b5ee76	87203	spontaneous-speech-es-87203.mp3	8136	9475	Si te sientes aburrido, ¿qué haces?		0	teens		España: Norte peninsular (Asturias, Castilla y León, Cantabria, País Vasco, Navarra, Aragón, La Rioja, Guadalajara, Cuenca)|Ruso		Spanish	1	0	0			
e1e8f60ef8730991a41084fd60b5ee76	87204	spontaneous-speech-es-87204.mp3	6588	8044	¿Cuáles son las formas de demostrar respeto en donde vives?		0	teens		España: Norte peninsular (Asturias, Castilla y León, Cantabria, País Vasco, Navarra, Aragón, La Rioja, Guadalajara, Cuenca)|Ruso		Spanish	0	0	0			
e1e8f60ef8730991a41084fd60b5ee76	87205	spontaneous-speech-es-87205.mp3	7236	9480	¿Crees que los humanos llegarán a otras estrellas?		0	teens		España: Norte peninsular (Asturias, Castilla y León, Cantabria, País Vasco, Navarra, Aragón, La Rioja, Guadalajara, Cuenca)|Ruso		Spanish	1	0	0			
e1e8f60ef8730991a41084fd60b5ee76	87206	spontaneous-speech-es-87206.mp3	4356	9483	Si quisieras alegrar a un desconocido, ¿qué harías?		0	teens		España: Norte peninsular (Asturias, Castilla y León, Cantabria, País Vasco, Navarra, Aragón, La Rioja, Guadalajara, Cuenca)|Ruso		Spanish	1	0	0			
e1e8f60ef8730991a41084fd60b5ee76	87207	spontaneous-speech-es-87207.mp3	11448	8042	¿Qué cosas típicamente hace la gente en la mañana?		0	teens		España: Norte peninsular (Asturias, Castilla y León, Cantabria, País Vasco, Navarra, Aragón, La Rioja, Guadalajara, Cuenca)|Ruso		Spanish	0	0	0			
e1e8f60ef8730991a41084fd60b5ee76	87208	spontaneous-speech-es-87208.mp3	10656	8005	¿Cómo se prepara tu comunidad para navidad?		0	teens		España: Norte peninsular (Asturias, Castilla y León, Cantabria, País Vasco, Navarra, Aragón, La Rioja, Guadalajara, Cuenca)|Ruso		Spanish	0	0	0			
e1e8f60ef8730991a41084fd60b5ee76	87209	spontaneous-speech-es-87209.mp3	4896	8039	¿De qué sientes orgullo?		0	teens		España: Norte peninsular (Asturias, Castilla y León, Cantabria, País Vasco, Navarra, Aragón, La Rioja, Guadalajara, Cuenca)|Ruso		Spanish	0	0	0			
e1e8f60ef8730991a41084fd60b5ee76	87210	spontaneous-speech-es-87210.mp3	3348	9286	¿Tienes un libro favorito?		0	teens		España: Norte peninsular (Asturias, Castilla y León, Cantabria, País Vasco, Navarra, Aragón, La Rioja, Guadalajara, Cuenca)|Ruso		Spanish	1	0	0			
75c22caf884824c5c04fa5d29ad1d2c2	88987	spontaneous-speech-es-88987.mp3	6876	8019	¿Qué mascotas son las preferidas en donde vives?		0	thirties	male_masculine	Andino-Pacífico: Colombia, Perú, Ecuador, oeste de Bolivia y Venezuela andina		Spanish	0	0	0			
75c22caf884824c5c04fa5d29ad1d2c2	88988	spontaneous-speech-es-88988.mp3	9936	8030	¿Por qué te gusta más el frío o el calor?		0	thirties	male_masculine	Andino-Pacífico: Colombia, Perú, Ecuador, oeste de Bolivia y Venezuela andina		Spanish	0	0	0			
75c22caf884824c5c04fa5d29ad1d2c2	88989	spontaneous-speech-es-88989.mp3	16056	9292	¿Consideras que el cero es un número?		0	thirties	male_masculine	Andino-Pacífico: Colombia, Perú, Ecuador, oeste de Bolivia y Venezuela andina		Spanish	1	0	0			
75c22caf884824c5c04fa5d29ad1d2c2	88990	spontaneous-speech-es-88990.mp3	14760	9477	Si has visitado un museo, ¿qué llamó más tu atención?		0	thirties	male_masculine	Andino-Pacífico: Colombia, Perú, Ecuador, oeste de Bolivia y Venezuela andina		Spanish	1	0	0			
75c22caf884824c5c04fa5d29ad1d2c2	88991	spontaneous-speech-es-88991.mp3	14760	9469	¿Qué canción te ha hecho emocionarte más?		0	thirties	male_masculine	Andino-Pacífico: Colombia, Perú, Ecuador, oeste de Bolivia y Venezuela andina		Spanish	1	0	0			
75c22caf884824c5c04fa5d29ad1d2c2	88992	spontaneous-speech-es-88992.mp3	8460	9476	Si tienes que sumar mentalmente 53 y 39, ¿cómo haces esa suma?		0	thirties	male_masculine	Andino-Pacífico: Colombia, Perú, Ecuador, oeste de Bolivia y Venezuela andina		Spanish	1	0	0			
75c22caf884824c5c04fa5d29ad1d2c2	88993	spontaneous-speech-es-88993.mp3	8100	8057	¿Cuál es el elemento tecnológico que más usas?		0	thirties	male_masculine	Andino-Pacífico: Colombia, Perú, Ecuador, oeste de Bolivia y Venezuela andina		Spanish	0	0	0			
75c22caf884824c5c04fa5d29ad1d2c2	88994	spontaneous-speech-es-88994.mp3	19656	8034	¿Qué consejo dan usualmente los mayores a los jovenes?		0	thirties	male_masculine	Andino-Pacífico: Colombia, Perú, Ecuador, oeste de Bolivia y Venezuela andina		Spanish	0	0	0			
75c22caf884824c5c04fa5d29ad1d2c2	88995	spontaneous-speech-es-88995.mp3	9900	8026	¿Qué nombres de estrellas o constelaciones conoces?		0	thirties	male_masculine	Andino-Pacífico: Colombia, Perú, Ecuador, oeste de Bolivia y Venezuela andina		Spanish	0	0	0			
75c22caf884824c5c04fa5d29ad1d2c2	88996	spontaneous-speech-es-88996.mp3	3888	9459	¿Has visto algún planeta con prismáticos?		0	thirties	male_masculine	Andino-Pacífico: Colombia, Perú, Ecuador, oeste de Bolivia y Venezuela andina		Spanish	1	0	0			
75c22caf884824c5c04fa5d29ad1d2c2	88997	spontaneous-speech-es-88997.mp3	17748	8042	¿Qué cosas típicamente hace la gente en la mañana?		0	thirties	male_masculine	Andino-Pacífico: Colombia, Perú, Ecuador, oeste de Bolivia y Venezuela andina		Spanish	0	0	0			
75c22caf884824c5c04fa5d29ad1d2c2	88998	spontaneous-speech-es-88998.mp3	8316	9299	¿Cuándo empezaste a beber café?		0	thirties	male_masculine	Andino-Pacífico: Colombia, Perú, Ecuador, oeste de Bolivia y Venezuela andina		Spanish	1	0	0			
75c22caf884824c5c04fa5d29ad1d2c2	88999	spontaneous-speech-es-88999.mp3	27180	8003	¿Puedes describir como luce una boda tradicional?		0	thirties	male_masculine	Andino-Pacífico: Colombia, Perú, Ecuador, oeste de Bolivia y Venezuela andina		Spanish	0	0	0			
75c22caf884824c5c04fa5d29ad1d2c2	89001	spontaneous-speech-es-89001.mp3	12636	8018	¿Cuál es tu historia favorita o leyenda que recuerdas de la niñez?		0	thirties	male_masculine	Andino-Pacífico: Colombia, Perú, Ecuador, oeste de Bolivia y Venezuela andina		Spanish	0	0	0			
75c22caf884824c5c04fa5d29ad1d2c2	89003	spontaneous-speech-es-89003.mp3	23256	9286	¿Tienes un libro favorito?		0	thirties	male_masculine	Andino-Pacífico: Colombia, Perú, Ecuador, oeste de Bolivia y Venezuela andina		Spanish	1	0	0			
